country,year,log_gdp_pc,log_gdp_emp,trade_openness,gdp_pc,csh_i,inv_share,pop,emp,log_pop,log_emp,rgdpe
Albania,1990,8.269891354844878,9.243432011847434,0.0023890361189842987,3904.5247614107343,0.1226951405406,0.1226951405406,3.277966,1.23822939395905,1.1872231080896891,0.21368245108713305,12798.8994140625
Albania,1991,8.053666871002541,9.030484398662413,-0.0526551157236098,3145.307287385891,0.0293099619448185,0.0293099619448185,3.282602,1.23592400550842,1.1886364005886496,0.2118188729287784,10324.7919921875
Albania,1992,7.803292401058944,8.994057574335237,-0.197616148740053,2448.650660635747,0.0230943523347378,0.0230943523347378,3.282501,0.997842788696289,1.188605631840617,-0.002159541435676594,8037.6982421875
Albania,1993,8.011091948268849,9.24567690708618,-0.1418609544634818,3014.2066743000314,0.0627724006772041,0.0627724006772041,3.277825,0.953701198101044,1.1871800926854392,-0.04740486613189185,9880.0419921875
Albania,1994,8.19958877560134,9.343833655752169,-0.084953524172306,3639.4533675418497,0.0895929932594299,0.0895929932594299,3.26941,1.04119038581848,1.1846095404954915,0.04036466034466217,11898.865234375
Albania,1995,8.284498246064885,9.464368427036096,-0.10206191241741179,3961.976302581779,0.0896837562322617,0.0896837562322617,3.258567,1.00141835212708,1.181287528187013,0.0014173472158016903,12910.365234375
Albania,1996,8.432923350656266,9.6261479667157,-0.1157062072306872,4595.915947684891,0.0911869779229164,0.0911869779229164,3.245678,0.984225392341614,1.1773242651576805,-0.015900350901754182,14916.86328125
Albania,1997,8.230121613472024,9.424333722713413,-0.09983026422560179,3752.2900533647503,0.0920959711074829,0.0920959711074829,3.22966,0.97840142250061,1.1723768685361153,-0.02183524070527428,12118.62109375
Albania,1998,8.195308020328342,9.403794669487315,-0.1537512280046939,3623.9070570635236,0.115496300160885,0.115496300160885,3.210133,0.958702683448792,1.1663123693054074,-0.04217427985356562,11633.2236328125
Albania,1999,8.336531377020236,9.55726855237827,-0.1751576811075212,4173.58800221963,0.146489948034287,0.146489948034287,3.188595,0.940675735473633,1.159580380903591,-0.06115679445444217,13307.8818359375
Albania,2000,8.44467547455223,9.655883255400715,-0.1648448407649994,4650.2463447894725,0.201741993427277,0.201741993427277,3.166148,0.942997097969055,1.1525157070497407,-0.05869207379874369,14723.3681640625
Albania,2001,8.541258633395552,9.737589905223409,-0.1967118605971332,5121.786758349023,0.240735232830048,0.240735232830048,3.147943,0.95162707567215,1.1467492236567933,-0.049582048171064444,16123.0927734375
Albania,2002,8.615397782326859,9.809817490844393,-0.20833235979080178,5515.942321771346,0.251809477806091,0.251809477806091,3.134092,0.949252724647522,1.142339498959252,-0.05208020955828257,17287.470703125
Albania,2003,8.718769991763176,9.902948900876128,-0.20686230808496442,6116.650928189005,0.259292393922806,0.259292393922806,3.118088,0.954126596450806,1.1372199934573302,-0.04695891565562062,19072.255859375
Albania,2004,8.814297422489075,9.98891219754937,-0.2213639393448828,6729.777912656999,0.28633925318718,0.28633925318718,3.098657,0.957292795181274,1.1309687918152374,-0.04364598324505838,20853.2734375
Albania,2005,8.896157963039862,10.064582504067081,-0.2275014743208888,7303.857871130848,0.293757319450378,0.293757319450378,3.076159,0.956243395805359,1.1236817408146416,-0.04474280021257738,22467.828125
Albania,2006,8.987772140936016,10.146672577725768,-0.2290524691343312,8004.603886419963,0.318196386098862,0.318196386098862,3.050809,0.95743864774704,1.1154068013494847,-0.0434936354402664,24420.517578125
Albania,2007,9.078678832582918,10.225753294231739,-0.270100101828575,8766.376521848155,0.31713005900383,0.31713005900383,3.022887,0.959961473941803,1.106212335012661,-0.04086212663615962,26499.765625
Albania,2008,9.175824359750534,10.35542380651862,-0.2789899259805682,9660.728705858473,0.318625867366791,0.318625867366791,2.99293,0.920032203197479,1.0962528406919485,-0.08334660607613772,28913.884765625
Albania,2009,9.259237238918594,10.423270211564441,-0.240870781242847,10501.120438892189,0.30174058675766,0.30174058675766,2.961479,0.924646139144898,1.0856888057085599,-0.0783441669372867,31098.84765625
Albania,2010,9.275290563896096,10.440972033627801,-0.21818682551383953,10671.05872565747,0.273024380207062,0.273024380207062,2.928722,0.912912428379059,1.0745661504015085,-0.09111531933019644,31252.564453125
Albania,2011,9.328488210733477,10.443958312844932,-0.22447585314512197,11254.104783558601,0.26684507727623,0.26684507727623,2.911504,0.95427793264389,1.068669786156364,-0.04680031595509165,32766.37109375
Albania,2012,9.352715110065452,10.454994688676775,-0.19404114782810203,11530.086438455068,0.245835155248642,0.245835155248642,2.910004,0.966450572013855,1.068154455752903,-0.03412512285841964,33552.59765625
Albania,2013,9.319499588129567,10.464729053864081,-0.181018397212029,11153.399163365802,0.241026476025581,0.241026476025581,2.907573,0.925046980381012,1.0673187125761485,-0.07791075315836596,32429.322265625
Bosnia and Herzegovina,1990,7.490058252452072,8.205296131802045,-1.4344052076339762,1790.1563698045497,0.325114756822586,0.325114756822586,4.448652,2.17572784423828,1.492601128939895,0.7773632495899209,7963.78271484375
Bosnia and Herzegovina,1991,7.387437275681385,8.593280805914285,-1.06195992231369,1615.560566903724,0.285393804311752,0.285393804311752,4.458343,1.3350031375885,1.4947771723359091,0.28893364210300915,7202.72314453125
Bosnia and Herzegovina,1992,7.379392144830082,9.504684259786831,-1.4017055034637438,1602.6153136952087,0.298447817564011,0.298447817564011,4.234616,0.505605041980743,1.4432926510295758,-0.681999463927173,6786.46044921875
Bosnia and Herzegovina,1993,7.43049722915859,10.280132737564596,-0.853633612394332,1686.6460144793216,0.250240802764893,0.250240802764893,3.904482,0.225934445858002,1.362125124044657,-1.487510384361349,6585.47900390625
Bosnia and Herzegovina,1994,7.5763129639461955,10.461430884544619,-0.45020198822021507,1951.4207264609256,0.212724402546883,0.212724402546883,3.725412,0.208057567477226,1.315177449742194,-1.569940470856229,7269.84619140625
Bosnia and Herzegovina,1995,7.770117442655252,10.526379717928398,-0.22404553741216668,2368.7494642468814,0.0982381626963615,0.0982381626963615,3.715564,0.236045241355896,1.3125304836049716,-1.4437317916681744,8801.240234375
Bosnia and Herzegovina,1996,8.306887954054634,10.265674067661523,-0.2017352432012556,4051.6843156537675,0.195028454065323,0.195028454065323,3.875246,0.546524047851563,1.3546091446612625,-0.604176968945626,15701.2734375
Bosnia and Herzegovina,1997,8.562432554117422,10.105525224743914,-0.17666622251272157,5231.391349654959,0.215099439024925,0.215099439024925,4.018227,0.858771920204163,1.3908407605659563,-0.1522519100605376,21020.91796875
Bosnia and Herzegovina,1998,8.572241469754264,10.067566331795804,-0.23794045299291633,5282.958119658694,0.214303538203239,0.214303538203239,4.089356,0.916734516620636,1.4083875004443083,-0.08693736159723361,21603.896484375
Bosnia and Herzegovina,1999,8.675094151678982,10.165788209264264,-0.243703633546829,5855.2510422959085,0.173586487770081,0.173586487770081,4.130305,0.930211961269379,1.418351254125108,-0.07234280346017333,24183.97265625
Bosnia and Herzegovina,2000,8.628897217275792,10.136083518388016,-0.26501524448394703,5590.909293744776,0.212238729000092,0.212238729000092,4.159771,0.921524167060852,1.4254600246810478,-0.08172627643117658,23256.90234375
Bosnia and Herzegovina,2001,8.657628293809655,10.169300863238071,-0.284896060824394,5753.8719731875435,0.232415959239006,0.232415959239006,4.179438,0.921736598014832,1.4301767877367202,-0.08149578169169601,24047.951171875
Bosnia and Herzegovina,2002,8.725835443109448,10.241977325378247,-0.29958164691925104,6160.020861379722,0.242219194769859,0.242219194769859,4.188002,0.919506549835205,1.4322237705630951,-0.08391811170570364,25798.1796875
Bosnia and Herzegovina,2003,8.778782062040948,10.310387942691968,-0.335953861474991,6494.961893532714,0.240840017795563,0.240840017795563,4.178523,0.903347432613373,1.429957834811801,-0.10164804583922012,27139.34765625
Bosnia and Herzegovina,2004,8.850939081801748,10.40733721953011,-0.347234144806862,6980.9415680971715,0.250490605831146,0.250490605831146,4.140987,0.873310625553131,1.4209341652201783,-0.13546397250818407,28907.98828125
Bosnia and Herzegovina,2005,8.915331509522906,10.496343636188724,-0.320275768637657,7445.249891187414,0.241649955511093,0.241649955511093,4.096493,0.84292197227478,1.410131241822488,-0.17088088484332964,30499.4140625
Bosnia and Herzegovina,2006,9.041024129186166,10.638427106627756,-0.261493980884552,8442.418757592402,0.244158923625946,0.244158923625946,4.063272,0.822493731975555,1.4019885603715272,-0.19541441707006116,34303.84375
Bosnia and Herzegovina,2007,9.141413743887826,10.71583920478071,-0.29192435741424605,9333.951625532214,0.281938493251801,0.281938493251801,4.013424,0.831286549568176,1.3896447423195104,-0.18478071857337455,37461.10546875
Bosnia and Herzegovina,2008,9.219027530812493,10.730445728853374,-0.34694212675094604,10087.250017035909,0.317403137683868,0.317403137683868,3.947544,0.870815992355347,1.3730936133806642,-0.13832458466021738,39819.86328125
Bosnia and Herzegovina,2009,9.250248047019383,10.788115823567603,-0.233785063028336,10407.146858183707,0.243096262216568,0.243096262216568,3.879794,0.833529889583588,1.3557820594422052,-0.18208571710601462,40377.5859375
Bosnia and Herzegovina,2010,9.278019028862342,10.877281320201158,-0.22660475969314597,10700.214092153898,0.203947007656097,0.203947007656097,3.811472,0.770090818405151,1.3380154662300436,-0.2612468251087722,40783.56640625
Bosnia and Herzegovina,2011,9.335122069079116,10.955683855871875,-0.24793699383735698,11329.011104754985,0.228795811533928,0.228795811533928,3.741798,0.740081071853638,1.3195662445669272,-0.3009955422258328,42390.87109375
Bosnia and Herzegovina,2012,9.370081052679362,11.015382521927434,-0.23603081703186002,11732.065964317719,0.241227775812149,0.241227775812149,3.670113,0.708164393901825,1.3002224517832064,-0.34507901746486336,43058.0078125
Bosnia and Herzegovina,2013,9.378379850016412,11.03046717348793,-0.217401355504989,11829.833115887383,0.228016123175621,0.228016123175621,3.610859,0.692019164562225,1.2839456941776497,-0.3681416292938694,42715.859375
Cyprus,1990,10.122795037259934,11.060109522154292,-0.268716931343078,24904.282042846047,0.382007420063019,0.382007420063019,0.5794,0.226938396692276,-0.5457621936468869,-1.483076678541245,14429.541015625
Cyprus,1991,10.091487628055141,11.05296795276322,-0.254098057746887,24136.67212976971,0.361782193183899,0.361782193183899,0.5949,0.227446034550667,-0.5193619547882771,-1.4808422794963547,14358.90625
Cyprus,1992,10.165224158546115,11.113552609322948,-0.374375894665718,25983.686000450376,0.43441453576088,0.43441453576088,0.6106,0.236539125442505,-0.49331319868135953,-1.441641649458193,15865.638671875
Cyprus,1993,10.132076884022366,11.107035683372837,-0.296280294656753,25136.515884667624,0.361878931522369,0.361878931522369,0.6258,0.236056700348854,-0.4687244477473553,-1.4436832470978265,15730.431640625
Cyprus,1994,10.182299965271808,11.16258875837647,-0.316745623946189,26431.188258020346,0.379342764616013,0.379342764616013,0.639,0.239754542708397,-0.44785082460460224,-1.4281396177092647,16889.529296875
Cyprus,1995,10.233092435414225,11.19565678410415,-0.318772822618485,27808.372834063317,0.325867533683777,0.325867533683777,0.6507,0.24851031601429,-0.42970657248119876,-1.3922709211711242,18094.908203125
Cyprus,1996,10.225826275675294,11.199025905782895,-0.3426358550786981,27607.045080571945,0.293995171785355,0.293995171785355,0.6609,0.24973563849926,-0.41415273650572987,-1.3873523666133307,18245.49609375
Cyprus,1997,10.232919203228109,11.214220284097516,-0.325950801372528,27803.55594607697,0.289164692163467,0.289164692163467,0.6704,0.251281410455704,-0.39988072981426376,-1.3811818106836724,18639.50390625
Cyprus,1998,10.277750831428762,11.255800931454424,-0.36924222111702,29078.397729783475,0.239750519394875,0.239750519394875,0.6789,0.255296021699905,-0.38728143767453577,-1.365331537700198,19741.32421875
Cyprus,1999,10.322633062239309,11.29357147122023,-0.342273160815239,30413.232194238055,0.247087314724922,0.247087314724922,0.6864,0.259958535432816,-0.3762947308083845,-1.3472331397893078,20875.642578125
Cyprus,2000,10.379443420033343,11.34455461557231,-0.322178311645985,32191.039616673876,0.237954944372177,0.237954944372177,0.6936,0.26422056555748,-0.36585985351580497,-1.3309710490547708,22327.705078125
Cyprus,2001,10.425615703059607,11.380071733333915,-0.338457740843296,33712.221387958074,0.221522137522697,0.221522137522697,0.7013,0.270015597343445,-0.35481952343927226,-1.3092755537135803,23642.380859375
Cyprus,2002,10.426292354714962,11.371523620792392,-0.3797897845506665,33735.04053780299,0.257352918386459,0.257352918386459,0.7096,0.275743246078491,-0.3430538479867673,-1.2882851140641987,23938.384765625
Cyprus,2003,10.409836725861231,11.331914781789854,-0.3961811438202856,33184.45179765991,0.247100979089737,0.247100979089737,0.717836,0.285477459430695,-0.33151414828023257,-1.2535922042088545,23820.994140625
Cyprus,2004,10.467353604561493,11.363874902509663,-0.46870085597038297,35149.075824541884,0.303338080644608,0.303338080644608,0.72798,0.297005981206894,-0.31748170369030043,-1.2140030016384684,25587.82421875
Cyprus,2005,10.499429195693917,11.374665873967515,-0.46718755364417996,36294.77954393127,0.325682550668716,0.325682550668716,0.73854,0.30779641866684,-0.30308001463187767,-1.1783166929054774,26805.146484375
Cyprus,2006,10.554219844983177,11.427777860991597,-0.505752250552178,38338.88157653819,0.358212649822235,0.358212649822235,0.750965,0.3135005235672,-0.286396232831324,-1.159954248839743,28791.158203125
Cyprus,2007,10.608027623253369,11.459542421793339,-0.5743132680654519,40458.32145184944,0.366076916456223,0.366076916456223,0.767125,0.327384382486343,-0.26510551827287604,-1.1166203168128461,31036.58984375
Cyprus,2008,10.679287947871696,11.521289593414526,-0.6082174554467199,43446.60308918275,0.411762267351151,0.411762267351151,0.786632,0.33891823887825,-0.23999473839821503,-1.081996383941044,34176.48828125
Cyprus,2009,10.660505681721396,11.52903828717964,-0.4400220513343812,42638.193077960736,0.324531733989716,0.324531733989716,0.808035,0.339024633169174,-0.21314990456750543,-1.0816825100257506,34453.15234375
Cyprus,2010,10.65855937780684,11.547068285919377,-0.47109180688858,42555.28690234204,0.341439217329025,0.341439217329025,0.829446,0.341125041246414,-0.18699727092820403,-1.075506179040739,35297.3125
Cyprus,2011,10.585098783822755,11.496367831171488,-0.475692421197891,39541.21338647825,0.281580299139023,0.281580299139023,0.850881,0.342065840959549,-0.16148299567431784,-1.0727520430230515,33644.8671875
Cyprus,2012,10.54757276696158,11.510210466274003,-0.39561925828456906,38084.885141704624,0.252062350511551,0.252062350511551,0.863945,0.329926997423172,-0.14624616961170764,-1.108883868924131,32903.24609375
Cyprus,2013,10.433063334606247,11.450893316777632,-0.34556119143962805,33964.234878412404,0.20170234143734,0.20170234143734,0.86193,0.311482787132263,-0.14858121811238975,-1.1664112002837748,29274.79296875
Czechia,1990,10.221042615571369,10.86811242299563,-0.01584829390049,27475.29772894319,0.208352610468864,0.208352610468864,10.301988,5.39389133453369,2.3323368863203506,1.68526707889609,283050.1875
Czechia,1991,10.04513390704047,10.717601731739933,0.023235209286213296,23043.382341238612,0.175817251205444,0.175817251205444,10.304426,5.25986671447754,2.3325735116750943,1.6601056869756299,237448.828125
Czechia,1992,10.009008848503138,10.721934726494142,0.011459589004515991,22225.795405222892,0.189320579171181,0.189320579171181,10.312448,5.05524253845215,2.333351709223844,1.6204258312328401,229202.359375
Czechia,1993,10.031497706348793,10.748378309062497,-0.0005312412977220016,22731.29086203846,0.190063774585724,0.190063774585724,10.320398,5.03917169570923,2.334122325201245,1.6172417224875404,234595.96875
Czechia,1994,10.070521938065008,10.777100269960183,-0.007137224078178989,23635.898025048416,0.212125197052956,0.212125197052956,10.322329,5.09230756759644,2.3343094128864745,1.6277310809913004,243977.515625
Czechia,1995,10.109441928671341,10.809092222310982,-0.02160248160362299,24573.942896082077,0.243919804692268,0.243919804692268,10.312042,5.12259960174561,2.33331233855334,1.6336620449136987,253407.53125
Czechia,1996,10.158427206604838,10.851417559568503,-0.04396450519561798,25807.674982284603,0.263281673192978,0.263281673192978,10.296128,5.14887142181397,2.3317679022289806,1.6387775492653152,265719.125
Czechia,1997,10.137000943856629,10.835894950082388,-0.03986382484436002,25260.594828274683,0.246048286557198,0.246048286557198,10.280051,5.11057138442993,2.3302052211042072,1.6313112148784485,259680.203125
Czechia,1998,10.132393842680756,10.847941821032446,-0.019820719957350963,25144.48438379469,0.243996039032936,0.243996039032936,10.265426,5.01901435852051,2.3287815498533315,1.6132335715016413,258118.84375
Czechia,1999,10.12651844191782,10.862665212962783,-0.01896443963050798,24997.183610339995,0.239972665905952,0.239972665905952,10.251378,4.90995788574219,2.3274121355726916,1.591265364527728,256255.578125
Czechia,2000,10.14326574339064,10.886684284414798,-0.020922273397445013,25419.34413807278,0.24835716187954,0.24835716187954,10.236804,4.86745357513428,2.325989461520094,1.5825709204959353,260212.84375
Czechia,2001,10.197310209999191,10.938682494156819,-0.019348740577696977,26830.919388080616,0.245937138795853,0.245937138795853,10.231936,4.87510442733765,2.3255138093703493,1.584141525212723,274532.25
Czechia,2002,10.204578517899385,10.937408478119666,-0.03187787532806402,27026.645207543985,0.244210094213486,0.244210094213486,10.239468,4.9205470085144,2.3262496651367512,1.5934197049164704,276738.46875
Czechia,2003,10.230611545645651,10.971497517157806,-0.034140884876251,27739.4688333747,0.250937730073929,0.250937730073929,10.248912,4.88556814193726,2.3271715536090323,1.5862855820968775,284299.375
Czechia,2004,10.276811928898772,11.02011126181254,-0.03287640213966403,29051.10876143235,0.26677080988884,0.26677080988884,10.26145,4.87975406646729,2.3283941552931733,1.5850948223794046,298106.5
Czechia,2005,10.296494434070812,11.02322377269164,-0.015379786491394043,29628.57167592739,0.271800458431244,0.271800458431244,10.280153,4.97032785415649,2.3302151431847467,1.6034858045639193,304586.25
Czechia,2006,10.350943838650563,11.067463885873083,-0.01740086078643799,31286.55835148382,0.287047535181046,0.287047535181046,10.304588,5.03326654434204,2.3325892329512317,1.616069185728712,322395.09375
Czechia,2007,10.440239427208313,11.141539766515255,-0.02050304412841808,34208.84198498618,0.309758722782135,0.309758722782135,10.337543,5.12680101394653,2.335782219954218,1.6344818806472756,353635.375
Czechia,2008,10.433955875570218,11.124019892038469,-0.05192029476165705,33994.56288183065,0.327301234006882,0.327301234006882,10.378292,5.20516967773438,2.3397163169922,1.6496523005239503,352805.5
Czechia,2009,10.435159383673826,11.14935510186928,-0.030060946941374955,34035.500243019254,0.276983827352524,0.276983827352524,10.420985,5.10196542739868,2.3438215616080456,1.6296258434125914,354683.4375
Czechia,2010,10.441309005896274,11.16835532756032,-0.04012000560760498,34245.45060772446,0.273079186677933,0.273079186677933,10.464035,5.05762910842896,2.3479441395104725,1.620897817846425,358345.59375
Czechia,2011,10.48988967582429,11.220000878581265,-0.041512846946717086,35950.190991177085,0.278290778398514,0.278290778398514,10.495511,5.05731868743897,2.3509476419395945,1.6208364391826193,377315.625
Czechia,2012,10.489289100036464,11.215146045278013,-0.03593879938125599,35928.606659062454,0.281768977642059,0.281768977642059,10.507335,5.08460140228272,2.3520735847046037,1.6262166394630544,377513.90625
Czechia,2013,10.488907383060049,11.210655321700816,-0.033063769340515026,35914.89471716878,0.269786953926086,0.269786953926086,10.511163,5.10739707946777,2.3524378352844812,1.6306898966437149,377507.3125
Estonia,1990,9.450242592378837,10.086251251294172,-0.06040999293327298,12711.24854168272,0.24364048242569,0.24364048242569,1.570303,0.831320345401764,0.451268594369915,-0.18474006454542016,19960.51171875
Estonia,1991,9.548293923536436,10.20687500890713,0.043977364897727994,14020.753776791367,0.185585513710976,0.185585513710976,1.565383,0.81021910905838,0.44813052248550284,-0.21045056288519068,21947.849609375
Estonia,1992,9.272571783935339,9.972624337694173,0.05301129817962602,10642.085868292806,0.161288633942604,0.161288633942604,1.540212,0.7648064494133,0.43192006928861,-0.26813248447022425,16391.068359375
Estonia,1993,9.254324154300656,10.012450155915674,-0.050005823373795,10449.654078411026,0.148465991020203,0.148465991020203,1.504342,0.704849898815155,0.40835559329465954,-0.3497704083203594,15719.853515625
Estonia,1994,9.239571602730624,10.015609187207428,-0.09341642260551403,10296.626566233363,0.149052515625954,0.149052515625954,1.475714,0.679161965847015,0.3891419404653729,-0.3868956440114301,15194.8759765625
Estonia,1995,9.346914149867757,10.172405317948657,-0.080566316843033,11463.394491635674,0.141722127795219,0.141722127795219,1.452777,0.636345088481903,0.37347689724177496,-0.45201427083912504,16653.755859375
Estonia,1996,9.410124911011433,10.243469689748904,-0.09092247486114502,12211.396218923628,0.158828273415566,0.158828273415566,1.434651,0.623489618301392,0.36092161405739964,-0.4724231646800733,17519.091796875
Estonia,1997,9.490566879494619,10.30986979104957,-0.11604285240173307,13234.295451323816,0.191949009895325,0.191949009895325,1.421496,0.626508414745331,0.3517098381760101,-0.46759307337894174,18812.498046875
Estonia,1998,9.530566473357515,10.359566869093626,-0.10365748405456598,13774.391700290462,0.207423284649849,0.207423284649849,1.411203,0.615969479084015,0.3444425321184703,-0.48455786361764164,19438.462890625
Estonia,1999,9.547180491646516,10.41179148285973,-0.056829631328582986,14005.151310169438,0.169892966747284,0.169892966747284,1.403578,0.591208636760712,0.33902469062289364,-0.5255863005903203,19657.322265625
Estonia,2000,9.625132768175815,10.497064234184307,-0.041735559701919,15140.56384203044,0.18983893096447,0.18983893096447,1.396997,0.584144711494446,0.33432493281367864,-0.5376065331948137,21151.322265625
Estonia,2001,9.68029485852043,10.54044844794093,-0.05530270934105003,15999.213736095913,0.209317728877068,0.209317728877068,1.388171,0.587331116199493,0.3279870533435203,-0.5321665360769797,22209.64453125
Estonia,2002,9.752737727838328,10.606433350467944,-0.08690312504768394,17201.256764544905,0.229964569211006,0.229964569211006,1.379435,0.587416231632233,0.321673995043888,-0.5320216275857266,23728.015625
Estonia,2003,9.8135839155678,10.640078435173717,-0.117925465106964,18280.385173888466,0.274313002824783,0.274313002824783,1.37085,0.599857270717621,0.31543098540418324,-0.5110635342017326,25059.666015625
Estonia,2004,9.89980952224895,10.723812082530431,-0.14438045024871793,19926.574507623234,0.295894354581833,0.295894354581833,1.362676,0.597768247127533,0.30945041352490565,-0.514552146756577,27153.46484375
Estonia,2005,9.986441332295986,10.78255267616964,-0.108123898506164,21729.831789709988,0.308576166629791,0.308576166629791,1.354848,0.611144363880158,0.30368927091756914,-0.4924220729560848,29440.619140625
Estonia,2006,10.098139235230308,10.840521456175157,-0.163623929023742,24297.75492712788,0.377875208854675,0.377875208854675,1.34688,0.641086161136627,0.2977908066000688,-0.4445914143447808,32726.16015625
Estonia,2007,10.23228041837444,10.966997849951765,-0.161449313163758,27785.801127018993,0.397292971611023,0.397292971611023,1.340705,0.64305704832077,0.29319559501351644,-0.4415218365638087,37252.5625
Estonia,2008,10.240748444329785,10.974135582312764,-0.14671039581298895,28022.09105479577,0.341865539550781,0.341865539550781,1.337074,0.642169177532196,0.2904836443817413,-0.4429034936012356,37467.609375
Estonia,2009,10.1366825156923,10.975643394556212,-0.024058341979980025,25252.55242396563,0.230675160884857,0.230675160884857,1.334528,0.576728761196137,0.28857767128339423,-0.5503832075805181,33700.23828125
Estonia,2010,10.179318342016952,11.067177265236728,-0.020982205867768,26352.49778342827,0.238830372691154,0.238830372691154,1.331448,0.547938704490662,0.2862670718103984,-0.6015918514093782,35086.98046875
Estonia,2011,10.330325739494063,11.15203479157925,-0.048422217369078924,30648.093571967773,0.283979177474976,0.283979177474976,1.327358,0.583612203598023,0.28319050042753985,-0.5385185516576485,40680.9921875
Estonia,2012,10.385040861230625,11.187219977558003,-0.08729565143585205,32371.732304576686,0.323808193206787,0.323808193206787,1.322616,0.592996060848236,0.2796115935691929,-0.5225675227581847,42815.37109375
Estonia,2013,10.391925923428568,11.177937025113483,-0.06742674112319991,32595.382735016337,0.29581817984581,0.29581817984581,1.317919,0.600521326065064,0.27605397743911636,-0.5099571242457995,42958.07421875
Hungary,1990,9.653985198840271,10.367195692885398,0.025349356234072987,15583.76893708975,0.179139763116837,0.179139763116837,10.381281,5.08753681182861,2.3400042805279293,1.6267937864828028,161779.484375
Hungary,1991,9.543291389125915,10.311762588964022,-0.002481311559677013,13950.789618522562,0.157374143600464,0.157374143600464,10.378176,4.81258296966553,2.339705139753375,1.571233939915268,144783.75
Hungary,1992,9.558962563823677,10.414595346054497,-0.0050257742404939965,14171.136920846546,0.124369606375694,0.124369606375694,10.371474,4.40802335739136,2.3390591529311333,1.483426370700313,146975.578125
Hungary,1993,9.606134904248833,10.526752475751982,-0.05887930095195798,14855.640507218879,0.153610929846764,0.153610929846764,10.35687,4.12486171722412,2.3376500676306984,1.4170324961275498,153857.9375
Hungary,1994,9.664293996575072,10.61787836439084,-0.04784505069255798,15745.249765544992,0.172592744231224,0.172592744231224,10.339937,3.98457002639771,2.336013776218395,1.3824294084026278,162804.890625
Hungary,1995,9.705914391105457,10.676755447642206,-0.018262401223182984,16414.401867499364,0.169947817921639,0.169947817921639,10.322788,3.90990400314331,2.334353878606875,1.3635128220701265,169442.390625
Hungary,1996,9.736618340054868,10.707550281683854,-0.01714655756950395,16926.205818446193,0.17265622317791,0.17265622317791,10.302235,3.90176463127136,2.332360861987864,1.3614289203588772,174377.75
Hungary,1997,9.767667740685184,10.726214506499687,-0.022854626178740955,17459.998451151238,0.178269699215889,0.178269699215889,10.278602,3.94132709503174,2.33006425856134,1.3715174927468372,179464.375
Hungary,1998,9.794362120470536,10.741528499174773,-0.03710195422172602,17932.358916072302,0.19733914732933,0.19733914732933,10.251717,3.97601008415222,2.327445203750938,1.3802788250466997,183837.46875
Hungary,1999,9.826489043585243,10.751409623142537,-0.046847909688949974,18517.824683095434,0.186129510402679,0.186129510402679,10.219796,4.05279207229614,2.324326623715281,1.3994060441579865,189248.390625
Hungary,2000,9.86777773983177,10.783536223569635,-0.04771170020103399,19298.40520921241,0.196587815880775,0.196587815880775,10.1906,4.07841014862061,2.3214657267573338,1.4057072430194666,196662.328125
Hungary,2001,9.969057335926706,10.880286080482502,-0.048186212778091986,21355.344942650954,0.204393342137337,0.204393342137337,10.16669,4.08731365203857,2.3191166900245896,1.4078879454687945,217113.171875
Hungary,2002,10.022071051821309,10.931670767608203,-0.05820515751838701,22518.0176419194,0.197466284036636,0.197466284036636,10.138466,4.08261203765869,2.316336704667471,1.4067369888805776,228298.15625
Hungary,2003,10.024088113019417,10.911447204468763,-0.07926157116889998,22563.48370005905,0.204776808619499,0.204776808619499,10.108963,4.16228151321411,2.313422456060365,1.4260633646110183,228093.421875
Hungary,2004,10.04643126200408,10.940914745892899,-0.11425709724426303,23073.29718858937,0.249966636300087,0.249966636300087,10.085791,4.12326002120972,2.3111276016472506,1.416644117758431,232712.453125
Hungary,2005,10.05651906563479,10.956119980779397,-0.09091931581497203,23307.234050448125,0.243939787149429,0.243939787149429,10.065706,4.09404420852661,2.309134200695362,1.4095332855507543,234603.765625
Hungary,2006,10.102284950614262,10.991432592271092,-0.08461290597915605,24398.69559459193,0.248918995261192,0.248918995261192,10.049943,4.13058614730835,2.30756696284721,1.4184193211903784,245205.5
Hungary,2007,10.136622721846306,11.030190180140908,-0.0797641873359679,25251.04252187694,0.246530592441559,0.246530592441559,10.034082,4.10587978363037,2.3059874982431396,1.412420039948538,253371.03125
Hungary,2008,10.178587174201517,11.090461165765758,-0.09606426954269398,26333.236727582866,0.262123286724091,0.262123286724091,10.016657,4.02439832687378,2.304249407254405,1.3923754156901649,263771.0
Hungary,2009,10.189321975067156,11.118353471888138,-0.048359155654907005,26617.441491562462,0.220129624009132,0.220129624009132,10.001378,3.9499044418335,2.302722883500498,1.3736913866795146,266211.09375
Hungary,2010,10.225649140445958,11.160513009593876,-0.03896391391754206,27602.15533339633,0.215822204947472,0.215822204947472,9.979129,3.91819834709168,2.3004958119656296,1.3656319428177117,275445.46875
Hungary,2011,10.25235322206144,11.185314695357786,-0.04648602008819602,28349.175392864912,0.220638632774353,0.220638632774353,9.946676,3.91289281845093,2.297238425004812,1.3642769517084672,281980.0625
Hungary,2012,10.252528314701312,11.170307808939008,-0.05119103193283103,28354.139559404448,0.230033785104752,0.230033785104752,9.916623,3.96074819564819,2.2942124399524895,1.3764329457147948,281177.3125
Hungary,2013,10.265059440761334,11.163862925712847,-0.05319923162460294,28711.684397532455,0.246043786406517,0.246043786406517,9.889346,4.02552175521851,2.291458016046692,1.3926545310951792,283939.78125
Latvia,1990,9.813377036158121,10.566833069361902,0.019253551959990983,18276.603729759925,0.224966898560524,0.224966898560524,2.660131,1.25222170352936,0.9783753697012595,0.2249193364974773,48618.16015625
Latvia,1991,9.720634273846388,10.477917880212832,0.02030860632658049,16657.806990720816,0.2148367613554,0.2148367613554,2.64894,1.24219000339508,0.9741595599767912,0.21687595361034606,44125.53125
Latvia,1992,9.387846575135447,10.20715557047205,0.08684445917606401,11942.354659122764,0.220414012670517,0.220414012670517,2.614827,1.1524486541748,0.9611979385406665,0.14188894320406292,31227.19140625
Latvia,1993,9.335420171137978,10.206472527109913,0.118181504309178,11332.38880971558,0.0862429663538933,0.0862429663538933,2.56382,1.0729866027832,0.9414983337859789,0.07044597781404337,29054.205078125
Latvia,1994,9.214462642699216,10.174192787126445,-0.032449886202812,10041.307789680684,0.099696196615696,0.099696196615696,2.521233,0.96562272310257,0.9247480675763934,-0.03498207685083778,25316.4765625
Latvia,1995,9.182641427780055,10.16344381146985,-0.047588557004929005,9726.811540331277,0.0941603481769562,0.0941603481769562,2.485949,0.932255923748016,0.9106544779947396,-0.07014790569505389,24180.357421875
Latvia,1996,9.180360990135654,10.14445577733168,-0.08111973106861098,9704.655425555504,0.11855486035347,0.11855486035347,2.457905,0.937268555164337,0.8993093610885584,-0.06478542610746858,23853.12109375
Latvia,1997,9.241958090545543,10.152811282374032,-0.10122701525688199,10321.228684720028,0.120183728635311,0.120183728635311,2.433231,0.97859913110733,0.8892200038073876,-0.02163318802110094,25113.93359375
Latvia,1998,9.33348867728595,10.238397668090043,-0.13002648949623102,11310.52149549064,0.157682731747627,0.157682731747627,2.410209,0.975119233131409,0.8797134657341303,-0.02519552506996146,27260.720703125
Latvia,1999,9.400878262231075,10.31564887472125,-0.11160080134868602,12099.002161965633,0.149690330028534,0.149690330028534,2.390822,0.957783639431,0.8716372398663974,-0.04313337262377669,28926.560546875
Latvia,2000,9.440762399213575,10.380373503166181,-0.11375989019870797,12591.312855131478,0.164072945713997,0.164072945713997,2.368313,0.925488829612732,0.8621778873409319,-0.07743321661167442,29820.169921875
Latvia,2001,9.509519824277294,10.420298423121935,-0.12555551528930697,13487.516383423264,0.196411669254303,0.196411669254303,2.338301,0.940490245819092,0.8494245972782404,-0.061354001566400154,31537.873046875
Latvia,2002,9.591174524607712,10.475790240899814,-0.15380056202411602,14635.048668505993,0.195156708359718,0.195156708359718,2.311351,0.954293966293335,0.8378322020613284,-0.04678351423077179,33826.734375
Latvia,2003,9.621104390040006,10.48978806030569,-0.183122724294662,15079.694610141441,0.230331942439079,0.230331942439079,2.288984,0.960236549377441,0.8281080509940558,-0.04057561927162838,34517.1796875
Latvia,2004,9.685957178018644,10.541175236513363,-0.21188151836395297,16090.063363063085,0.275317698717117,0.275317698717117,2.264174,0.962705194950104,0.8172100125114078,-0.03800804598331282,36430.703125
Latvia,2005,9.765973213933917,10.601577173304491,-0.24003285169601402,17430.437070047825,0.310285270214081,0.310285270214081,2.239784,0.971198379993439,0.8063794326459864,-0.029224526724588647,39040.4140625
Latvia,2006,9.876539629068969,10.64714816353097,-0.30461573600769104,19468.238642457614,0.357768177986145,0.357768177986145,2.219032,1.02681577205658,0.7970710647567965,0.026462530294794475,43200.64453125
Latvia,2007,10.023569943170196,10.748743695006096,-0.342509210109711,22551.79501173677,0.376519680023193,0.376519680023193,2.200776,1.06570470333099,0.7888100254433574,0.06363627360745651,49631.44921875
Latvia,2008,10.060662767202091,10.783688903493706,-0.31038898229599005,23404.012645043353,0.356012493371964,0.356012493371964,2.177711,1.05680286884308,0.7782743251648185,0.0552481888732022,50967.17578125
Latvia,2009,9.94976291130683,10.811084588411852,-0.14460813999175998,20947.255435581825,0.229708775877953,0.229708775877953,2.142043,0.905234158039093,0.7617600465206084,-0.09956163058441356,44869.921875
Latvia,2010,9.975633095446023,10.884811497676406,-0.156804829835892,21496.235278246917,0.211434721946716,0.211434721946716,2.097831,0.84512186050415,0.7409039538220147,-0.1682744484083682,45095.46875
Latvia,2011,10.059247438336469,10.934965323783807,-0.206788271665573,23370.91170026229,0.271630853414536,0.271630853414536,2.059941,0.858094930648804,0.7226773416146357,-0.15304054383270238,48142.69921875
Latvia,2012,10.122967399016611,10.971988969606713,-0.19966629147529596,24908.574958604328,0.281017482280731,0.281017482280731,2.034633,0.870483815670013,0.7103154586502832,-0.13870611193981905,50679.80859375
Latvia,2013,10.14059557531139,10.95655085617286,-0.20185664296150208,25351.56075354817,0.254510641098022,0.254510641098022,2.01301,0.890186607837677,0.6996311143552011,-0.1163241665062692,51032.9453125
Lithuania,1990,9.695898805652448,10.469241614195685,-0.07285845279693601,16250.822561604671,0.160157531499863,0.160157531499863,3.695012,1.70512938499451,1.3069838020268267,0.5336409934835901,60046.984375
Lithuania,1991,9.560455027935186,10.324943117683254,0.010654963552951702,14192.302624718113,0.137292206287384,0.137292206287384,3.701407,1.72327220439911,1.3087130176360344,0.5442249278879662,52531.48828125
Lithuania,1992,9.38902925414841,10.162796757106936,0.007691793143749293,11956.48698669982,0.0794491618871689,0.0794491618871689,3.697544,1.70557332038879,1.307668815464401,0.5339013125058762,44209.63671875
Lithuania,1993,9.224063888697328,10.023200008875364,-0.024368286132812,10138.181164282782,0.0876240357756615,0.0876240357756615,3.680197,1.65504825115204,1.3029662833567164,0.5038301631786805,37310.50390625
Lithuania,1994,9.188630590813633,10.038167173460947,-0.040172889828682,9785.241799960655,0.0809302181005478,0.0809302181005478,3.654891,1.56287908554077,1.2960662705956296,0.44652968794831416,35763.9921875
Lithuania,1995,9.234083665547754,10.09843866350068,-0.055284827947616993,10240.27409727993,0.0950074568390846,0.0950074568390846,3.627038,1.52815532684326,1.288416337224101,0.4240613392711751,37141.86328125
Lithuania,1996,9.304795460165714,10.15220025318953,-0.071474969387055,10990.598012590455,0.113302625715733,0.113302625715733,3.599711,1.5425683259964,1.2808535644618533,0.43344877143803695,39562.9765625
Lithuania,1997,9.389513602093096,10.223487349519603,-0.08984681963920599,11962.279489277606,0.14453113079071,0.14453113079071,3.573409,1.55200290679932,1.2735200421234856,0.4395462946969792,42746.1171875
Lithuania,1998,9.460280857612885,10.29485312905394,-0.10489216446876504,12839.490010065474,0.160787582397461,0.160787582397461,3.547771,1.53994584083557,1.2663195189595828,0.4317472475185281,45551.5703125
Lithuania,1999,9.489977972001586,10.339726222125167,-0.07040722668170898,13226.503970023568,0.13218492269516,0.13218492269516,3.522901,1.50611960887909,1.2592847979140174,0.409536547790437,46595.6640625
Lithuania,2000,9.552447935119948,10.438010339986896,-0.032714813947678,14079.117287814372,0.118678949773312,0.118678949773312,3.500402,1.44385325908661,1.2528778190426484,0.367315414175701,49282.5703125
Lithuania,2001,9.630032368163018,10.54512388944778,-0.03415811061859103,15214.928578400715,0.132479771971703,0.132479771971703,3.473004,1.39086854457855,1.2450199255032834,0.3299284042185238,52841.5078125
Lithuania,2002,9.699815043389362,10.571604199336853,-0.06966903805732699,16314.589427781246,0.142245605587959,0.142245605587959,3.44405,1.44031083583832,1.236648104462422,0.36485894851493117,56188.26171875
Lithuania,2003,9.784824223412267,10.62570207322332,-0.07200449705123901,17762.13500226043,0.15817828476429,0.15817828476429,3.415278,1.47311770915985,1.2282588952731899,0.3873810454621374,60662.62890625
Lithuania,2004,9.832699457478965,10.673399931211547,-0.11789053678512601,18633.18588842239,0.180897057056427,0.180897057056427,3.376699,1.4567357301712,1.2168986050649,0.3761981313323171,62918.66015625
Lithuania,2005,9.886811129515614,10.703647049887959,-0.12551116943359403,19669.237175458416,0.197706326842308,0.197706326842308,3.322263,1.46786689758301,1.200646177232585,0.3838102568602387,65346.37890625
Lithuania,2006,9.971327717243463,10.774971021892632,-0.15688210725784302,21403.88479996379,0.224371090531349,0.224371090531349,3.269808,1.4638763666153,1.1847312675890036,0.3810879629398345,69986.59375
Lithuania,2007,10.101073740583498,10.872668629547782,-0.22499883174896196,24369.161539332803,0.291665583848953,0.291665583848953,3.231374,1.49378407001495,1.1729074337800711,0.4013125448157859,78745.875
Lithuania,2008,10.153611943795635,10.928094122771727,-0.24445647001266502,25683.7029632191,0.265691041946411,0.265691041946411,3.198481,1.47431552410126,1.1626760096059034,0.3881938306298112,82148.8359375
Lithuania,2009,10.036884041716045,10.879784854683134,-0.09690856933593806,22854.059557816097,0.119431003928185,0.119431003928185,3.163254,1.3616544008255,1.151601244608684,0.3087004316415955,72293.1953125
Lithuania,2010,10.108789310954293,10.985314468496917,-0.12200498580932706,24557.910737574734,0.184843525290489,0.184843525290489,3.09772,1.28935384750366,1.1306663570191806,0.25414119947655606,76073.53125
Lithuania,2011,10.247865702878153,11.09634446979879,-0.13380080461502097,28222.24294337198,0.217689692974091,0.217689692974091,3.028642,1.29645752906799,1.1081143342379611,0.2596355673173228,85475.0703125
Lithuania,2012,10.320228591566417,11.136984495092001,-0.09341096878051702,30340.192315672073,0.201987490057945,0.201987490057945,2.988329,1.32043135166168,1.0947143683042764,0.2779584647786927,90666.4765625
Lithuania,2013,10.346541208784988,11.140318918575911,-0.09977686405181896,31149.11798682378,0.207049876451492,0.207049876451492,2.95836,1.33757376670837,1.0846350607372501,0.29085735094632664,92150.3046875
Malta,1990,9.803255627339537,10.824362339656792,-0.346169024705887,18092.55175546604,0.327872455120087,0.327872455120087,0.367908,0.132519021630287,-0.9999223720684154,-2.0210290843856713,6656.39453125
Malta,1991,9.86075354241872,10.866540220016164,-0.28852352499961903,19163.3243738925,0.302710771560669,0.302710771560669,0.371332,0.13581719994545,-0.9906587378337368,-1.9964454154311793,7115.95556640625
Malta,1992,9.872942578209617,10.878145825581901,-0.34351253509521495,19398.336194619726,0.273185163736343,0.273185163736343,0.374795,0.137163817882538,-0.9813760691550936,-1.986579316527377,7270.3994140625
Malta,1993,9.895897689299826,10.90755254739275,-0.33699393272399897,19848.77734086847,0.289709389209747,0.289709389209747,0.378217,0.137526035308838,-0.9722871740059594,-1.9839420320988843,7507.14501953125
Malta,1994,9.946556881620639,10.956201662526942,-0.315549165010452,20880.205452361228,0.305708080530167,0.305708080530167,0.381454,0.138982146978378,-0.9637650121986119,-1.9734097931049155,7964.837890625
Malta,1995,9.98903348869683,10.96486925807377,-0.355444252490998,21786.231979749056,0.3206966817379,0.3206966817379,0.38455,0.144928142428398,-0.9556814594790742,-1.9315172288560152,8377.8955078125
Malta,1996,9.986947465004492,10.938664262944066,-0.40313380956649797,21740.832752067723,0.306822121143341,0.306822121143341,0.387624,0.14965295791626,-0.9477194813778153,-1.8994362793173887,8427.2685546875
Malta,1997,10.078987553469199,11.02022768427702,-0.31217730045318604,23836.839795266704,0.280490189790726,0.280490189790726,0.390679,0.152420952916145,-0.9398690280457394,-1.8811091588535593,9312.552734375
Malta,1998,10.13479595072195,11.075710969226693,-0.302683562040329,25204.956753429633,0.27547299861908,0.27547299861908,0.393774,0.153678402304649,-0.9319781383188627,-1.8728931568236062,9925.056640625
Malta,1999,10.202192659795504,11.131342052828135,-0.31263440847396906,26962.24032805772,0.260057181119919,0.260057181119919,0.396889,0.156727284193039,-0.9240986343667988,-1.8532480273994305,10701.0166015625
Malta,2000,10.248412136347582,11.177734487188744,-0.214861869812012,28237.66873569937,0.261330366134644,0.261330366134644,0.399895,0.157887011766434,-0.9165532663333106,-1.8458756171744723,11292.1025390625
Malta,2001,10.236680360833438,11.174386574536246,-0.275652706623077,27908.326407578257,0.221709638834,0.221709638834,0.402784,0.157699957489967,-0.9093548408730426,-1.8470610545758501,11241.02734375
Malta,2002,10.264316104841308,11.195725466629396,-0.25136554241180403,28690.349901526264,0.188680797815323,0.188680797815323,0.405565,0.159791812300682,-0.90247412234174,-1.8338834841298277,11635.8017578125
Malta,2003,10.265717221066998,11.187158449698018,-0.25672838091850303,28730.57659084674,0.253898948431015,0.253898948431015,0.408226,0.162451535463333,-0.8959343363672705,-1.8173755649982897,11728.568359375
Malta,2004,10.267424595218667,11.194443010139258,-0.384948670864105,28779.672335156207,0.2790507376194,0.2790507376194,0.410798,0.162565857172012,-0.8896536694887577,-1.816672084409348,11822.6318359375
Malta,2005,10.26530857876891,11.19033137496355,-0.359834909439087,28718.838460514853,0.309659212827683,0.309659212827683,0.41332,0.16389063000679,-0.8835331676359828,-1.8085559638306241,11870.0703125
Malta,2006,10.283561462662663,11.194570949859338,-0.358438104391098,29247.853421347492,0.241725519299507,0.241725519299507,0.415454,0.167061567306519,-0.8783833808034036,-1.7893928680000788,12151.1376953125
Malta,2007,10.341137810407183,11.234902034920328,-0.35352262854576105,30981.260801252167,0.265152752399445,0.265152752399445,0.417197,0.170680657029152,-0.874196746677155,-1.7679609711903002,12925.2890625
Malta,2008,10.39398335501523,11.270580180390251,-0.415637522935867,32662.51454090279,0.266377449035645,0.266377449035645,0.418969,0.174373596906662,-0.8699583474772657,-1.7465551728522875,13684.5810546875
Malta,2009,10.419185180443964,11.299192395816801,-0.33427783846855097,33496.129721717225,0.244507417082787,0.244507417082787,0.420795,0.174537315964699,-0.8656094997585077,-1.7456167151313446,14095.00390625
Malta,2010,10.482328089949947,11.36511225160708,-0.40373501181602495,35679.37572163558,0.280936658382416,0.280936658382416,0.422651,0.174821004271507,-0.8612084995861026,-1.743992661243235,15079.923828125
Malta,2011,10.471720182956004,11.334687855155352,-0.43029117584228405,35302.89260173022,0.231516167521477,0.231516167521477,0.424628,0.179154008626938,-0.8565417874689428,-1.719509459668291,14990.5966796875
Malta,2012,10.514889831669555,11.365320707086063,-0.44998627901076993,36860.280153494634,0.269024670124054,0.269024670124054,0.426611,0.182261362671852,-0.8518826879983715,-1.7023135634148805,15725.0009765625
Malta,2013,10.53966112960966,11.35923979411763,-0.46691405773162387,37784.760147431916,0.259207785129547,0.259207785129547,0.428452,0.188783347606659,-0.8475765658886406,-1.6671552303966108,16188.9560546875
Montenegro,1990,9.39647577936677,10.706515490515159,-0.24586256593465788,12045.853590952092,0.19509020447731,0.19509020447731,0.620497,0.167415887117386,-0.47723450915979954,-1.7872742203081882,7474.416015625
Montenegro,1991,9.276988844423986,10.587028502816937,-0.22078736871480958,10689.196574121295,0.191039696335793,0.191039696335793,0.623559,0.168242052197456,-0.4723118912338559,-1.7823515496268052,6665.3447265625
Montenegro,1992,9.005143155411414,10.311674858208566,-0.2455601543188095,8144.866703077303,0.194090873003006,0.194090873003006,0.626019,0.169499337673187,-0.4683745569049344,-1.7749062597020866,5098.84130859375
Montenegro,1993,8.547750293839309,9.851679961066688,-0.2455626055598263,5155.1438130424185,0.191815823316574,0.191815823316574,0.628099,0.170505598187447,-0.4650574816262377,-1.768987148853617,3237.94067382813
Montenegro,1994,8.55882525772988,9.859892586522047,-0.23130809515714656,5212.554166615408,0.184670150279999,0.184670150279999,0.629878,0.171478658914566,-0.46222912914294534,-1.7632964579351114,3283.27319335938
Montenegro,1995,8.692504559264835,9.989797506292529,-0.2244483903050425,5958.085950677959,0.18060015141964,0.18060015141964,0.631381,0.172537833452225,-0.45984579517037505,-1.7571387421980693,3761.822265625
Montenegro,1996,8.936678338360466,10.229184592332528,-0.2271056622266768,7605.890853711549,0.179170399904251,0.179170399904251,0.63262,0.173705905675888,-0.45788535305549677,-1.7503916070275596,4811.638671875
Montenegro,1997,8.98981332139423,10.278823111242417,-0.20929956436157182,8020.959414061698,0.168511420488358,0.168511420488358,0.633533,0.174565896391869,-0.4564431890228072,-1.7454529788709938,5081.54248046875
Montenegro,1998,9.049372013100301,10.337421704086024,-0.2152754068374639,8513.19007371379,0.179084852337837,0.179084852337837,0.634091,0.174887478351593,-0.45556280172177593,-1.7436124927074992,5398.13720703125
Montenegro,1999,8.962053256695182,10.243224540054467,-0.2309824004769323,7801.359221751173,0.184713080525398,0.184713080525398,0.634283,0.176147893071175,-0.45526005189961527,-1.7364313352589016,4948.26953125
Montenegro,2000,9.05004227039466,10.329335839206179,-0.16779875010251988,8518.898014139622,0.142002835869789,0.142002835869789,0.634193,0.176453918218613,-0.45540195446639786,-1.7346955232779167,5402.62548828125
Montenegro,2001,9.149493228498862,10.425380437489931,-0.3021685183048245,9409.670617366808,0.227281033992767,0.227281033992767,0.633991,0.176999613642693,-0.4557205202292656,-1.7316077292203342,5965.646484375
Montenegro,2002,9.128075244435289,10.399262433212279,-0.300785019993782,9210.27736503891,0.213277086615562,0.213277086615562,0.633766,0.177770361304283,-0.45607547784710933,-1.7272626666240978,5837.16064453125
Montenegro,2003,9.135210420352802,10.404193734052384,-0.2061034440994266,9276.229323896827,0.142698228359222,0.142698228359222,0.633559,0.178104385733604,-0.4564021501716368,-1.7253854638712192,5877.03857421875
Montenegro,2004,9.180101756433926,10.447408562962982,-0.241918034851551,9702.139977864044,0.143289878964424,0.143289878964424,0.633754,0.178458139300346,-0.4560944124595815,-1.7234012189886383,6148.77001953125
Montenegro,2005,9.24062479869816,10.506400738888406,-0.2954111546278,10307.47664443853,0.132606640458107,0.132606640458107,0.63405,0.178815022110939,-0.45562746330122844,-1.7214034034914738,6535.45556640625
Montenegro,2006,9.39586031727065,10.57053606934859,-0.28937191516161,12038.442105629538,0.217217624187469,0.217217624187469,0.633871,0.195814877748489,-0.45590981527929214,-1.6305855673572331,7630.8193359375
Montenegro,2007,9.587641820616296,10.67882810367754,-0.37659265846014023,14583.438588901747,0.271911412477493,0.271911412477493,0.633379,0.212699994444847,-0.45668629983201653,-1.5478725828932614,9236.84375
Montenegro,2008,9.662576548389623,10.760248087706627,-0.4544713348150251,15718.231322934525,0.344504445791245,0.344504445791245,0.632845,0.211146876215935,-0.45752975254126527,-1.5552012918582683,9947.2041015625
Montenegro,2009,9.65180541536623,10.756004522978555,-0.32319393008947395,15549.836691007657,0.227811276912689,0.227811276912689,0.632438,0.209638178348541,-0.4581730869005152,-1.5623721945128424,9834.3076171875
Montenegro,2010,9.667657928217308,10.778427582514533,-0.31669512391090415,15798.304896331681,0.167751133441925,0.167751133441925,0.632088,0.208149999380112,-0.45872665402201007,-1.5694963083192357,9985.9189453125
Montenegro,2011,9.742610417001943,10.914789513138444,-0.29753740876913104,17027.933421567977,0.140617519617081,0.140617519617081,0.632688,0.195938006043434,-0.4577778693439174,-1.6299569654804191,10773.369140625
Montenegro,2012,9.709999331271526,10.857893220466742,-0.3231601491570477,16481.590855056507,0.153096601366997,0.153096601366997,0.63354,0.201024994254112,-0.45643213993565906,-1.6043260291308772,10441.7470703125
Montenegro,2013,9.715567170729727,10.858455398477448,-0.3148559033870693,16573.613653304947,0.153930336236954,0.153930336236954,0.633202,0.201925992965698,-0.45696579242057134,-1.599854020168292,10494.4453125
North Macedonia,1990,8.804752038483516,9.538030613031177,-0.06366887688636799,6665.845214716219,0.150228545069695,0.150228545069695,2.063689,0.991255044937134,0.724495157971628,-0.00878341657603414,13756.2314453125
North Macedonia,1991,8.820596984806967,9.587161667926955,-0.025200091302394992,6772.30638273385,0.128686100244522,0.128686100244522,2.055994,0.955227971076965,0.7207594293007228,-0.04580525381926515,13923.8212890625
North Macedonia,1992,8.749798404936579,9.575008156103793,-0.005453720688819996,6309.416032746001,0.108348041772842,0.108348041772842,2.032523,0.890535891056061,0.709277878488963,-0.11593187267825232,12824.033203125
North Macedonia,1993,8.742593203385471,9.638997567575746,-0.031475365161896,6264.118802364297,0.115254729986191,0.115254729986191,2.006854,0.81886500120163,0.6965683217769958,-0.1998360424132781,12571.171875
North Macedonia,1994,8.7787494882576,9.737844598910115,-0.06198826432228002,6494.750331496849,0.106653407216072,0.106653407216072,1.992666,0.763668358325958,0.689473440633527,-0.26962167001898907,12941.8681640625
North Macedonia,1995,8.817635285679604,9.886853446990575,-0.07760518789291401,6752.27852171892,0.142321735620499,0.142321735620499,1.998534,0.686050355434418,0.6924139117840955,-0.3768042495268749,13494.658203125
North Macedonia,1996,8.824234226732921,9.947817081094323,-0.08326536417007402,6796.983751017986,0.13608293235302,0.13608293235302,2.012553,0.654306888580322,0.6994040653675374,-0.4241787889938653,13679.2900390625
North Macedonia,1997,8.841588490434281,10.027451266510178,-0.09048362076282498,6915.96987141831,0.142430528998375,0.142430528998375,2.025755,0.61883270740509,0.705942470577298,-0.4799203054986006,14010.060546875
North Macedonia,1998,8.88653394188096,10.105046213448695,-0.08730264008045202,7233.902554111078,0.141647577285767,0.141647577285767,2.037568,0.602447152137756,0.7117569398091022,-0.5067553317586315,14739.568359375
North Macedonia,1999,8.975384418295203,10.181170346196161,-0.059027373790740995,7906.056721314816,0.121406242251396,0.121406242251396,2.048087,0.61331307888031,0.7169061867437418,-0.4888797411572174,16192.2919921875
North Macedonia,2000,9.042291700889331,10.266967713706086,-0.073103427886962,8453.126913960023,0.132740005850792,0.132740005850792,2.057253,0.604529738426209,0.7213715977600045,-0.5033044150567506,17390.220703125
North Macedonia,2001,9.080017656486284,10.33067011618217,-0.069409400224686,8778.121016432262,0.124258503317833,0.124258503317833,2.066301,0.59161901473999,0.725760052244136,-0.5248924074517496,18138.240234375
North Macedonia,2002,9.082962656025472,10.294994577433716,-0.12022313475608798,8804.01068259625,0.150441884994507,0.150441884994507,2.074484,0.617349803447723,0.7297124480591867,-0.48231947334905717,18263.779296875
North Macedonia,2003,9.11899176120397,10.331026654403171,-0.11575087904930098,9126.994785628594,0.142252087593079,0.142252087593079,2.081411,0.619409382343292,0.7330460291120483,-0.4789888640871526,18997.02734375
North Macedonia,2004,9.146508519089446,10.423222669256567,-0.153957515954971,9381.627356246894,0.182150557637215,0.182150557637215,2.086581,0.582056760787964,0.7355268412880469,-0.5411873088790744,19575.525390625
North Macedonia,2005,9.224415691923705,10.447694452992762,-0.128186225891113,10141.748436578115,0.17188723385334,0.17188723385334,2.089807,0.614954471588135,0.7370717172150963,-0.4862070438539622,21194.296875
North Macedonia,2006,9.277982588995403,10.45064431592375,-0.136361345648765,10699.824184880288,0.18779818713665,0.18779818713665,2.089233,0.646705210208893,0.7367970129750749,-0.435864713953272,22354.42578125
North Macedonia,2007,9.363381204906519,10.500956878007159,-0.15870594978332597,11653.725635479248,0.203950211405754,0.203950211405754,2.081972,0.667470455169678,0.7333155214952353,-0.4042601516054055,24262.73046875
North Macedonia,2008,9.439426045824703,10.495091551618856,-0.21888107061386097,12574.4976495581,0.235219150781631,0.235219150781631,2.070834,0.720569014549255,0.7279514246861751,-0.3277140811079773,26039.697265625
North Macedonia,2009,9.504077181646736,10.510119481537712,-0.177382588386536,13414.30805587356,0.224229529500008,0.224229529500008,2.060599,0.753485441207886,0.7229967172331678,-0.28304558265781,27641.509765625
North Macedonia,2010,9.537757100109834,10.574111262611886,-0.15820904076099399,13873.795168059545,0.211279824376106,0.211279824376106,2.051505,0.727762520313263,0.7185736701381769,-0.3177804923638745,28462.16015625
North Macedonia,2011,9.540637941183329,10.558381927357594,-0.18600955605506897,13913.820993363704,0.235410958528519,0.235410958528519,2.040446,0.737436294555664,0.7131684114116071,-0.3045755747626585,28390.400390625
North Macedonia,2012,9.567253012772518,10.569258088897733,-0.191936314105987,14289.110358710574,0.260490030050278,0.260490030050278,2.027289,0.744304060935974,0.7066994325413167,-0.2953056435838984,28968.15625
North Macedonia,2013,9.59212537760962,10.536010990824268,-0.18424764275550798,14648.971066493483,0.256936460733414,0.256936460733414,2.01328,0.783393323421478,0.6997652328615207,-0.24412038035312875,29492.48046875
Poland,1990,9.247028327328188,10.128102193196204,0.038373533636331496,10373.69264800539,0.196378812193871,0.196378812193871,38.055455,15.7678108215332,3.6390444380268034,2.757970572158787,394775.59375
Poland,1991,9.188398536120445,10.131907954329906,-0.001039683818817097,9782.97135212124,0.161882534623146,0.161882534623146,38.152947,14.8513917922974,3.6416030024534374,2.698093584243977,373249.1875
Poland,1992,9.248313435222936,10.20303341981023,-0.0127925351262093,10387.032532084311,0.132128596305847,0.132128596305847,38.23364,14.7168893814087,3.6437157563591978,2.688995771771904,397134.0625
Poland,1993,9.313796230898848,10.293658523994354,-0.027945853769778997,11089.968399693724,0.139224022626877,0.139224022626877,38.294882,14.3744735717773,3.645316258014598,2.6654539649190925,424689.03125
Poland,1994,9.382777317965413,10.353417067501393,-0.020740821957588598,11881.968976729353,0.142370030283928,0.142370030283928,38.344313,14.5263824462891,3.646606224769976,2.6759664752339964,455605.9375
Poland,1995,9.468995977316746,10.422373329435269,-0.025811582803725988,12951.876722923205,0.161710813641548,0.161710813641548,38.364667,14.7871646881104,3.6471369058056955,2.6937595536871717,496894.4375
Poland,1996,9.533923511882236,10.475754198217633,-0.054310008883475994,13820.710567493754,0.178078010678291,0.178078010678291,38.359171,14.9567537307739,3.646993638728535,2.705162952393138,530151.0
Poland,1997,9.59116894183925,10.518944226602803,-0.067858248949051,14634.9669646459,0.190334156155586,0.190334156155586,38.34831,15.1641664505005,3.646710459045641,2.718935174282087,561226.25
Poland,1998,9.643572653201735,10.559524648917423,-0.074276991188526,15422.344111976807,0.20036768913269,0.20036768913269,38.326437,15.335768699646,3.646139919162586,2.730187923446899,591083.5
Poland,1999,9.692532095464859,10.64127820554296,-0.068006195127964,16196.202747863264,0.199488610029221,0.199488610029221,38.287713,14.8260078430176,3.6451290353167787,2.696382925238678,620115.5625
Poland,2000,9.715551911562683,10.686880088746266,-0.064950160682201,16573.360755695183,0.196958720684052,0.196958720684052,38.258071,14.483736038208,3.6443545445497447,2.6730263673661607,634064.8125
Poland,2001,9.738640773874824,10.732251255276712,-0.058561950922012995,16960.472588994842,0.169428423047066,0.169428423047066,38.247357,14.1606073379517,3.6440744598459496,2.6504639784440607,648693.25
Poland,2002,9.766630431929128,10.790409646975816,-0.059892103075980974,17441.89643219168,0.152072697877884,0.152072697877884,38.229408,13.7333316802979,3.6436050623673935,2.619825847320706,666793.375
Poland,2003,9.762205737040182,10.796718761100808,-0.05798527598381001,17364.891848720552,0.157806575298309,0.157806575298309,38.203524,13.5775098800659,3.64292776266654,2.6084147386059136,663400.0625
Poland,2004,9.81752564857876,10.840378426993729,-0.06596587598323903,18352.58377189935,0.181593596935272,0.181593596935272,38.167572,13.7238264083862,3.641986254568875,2.6191334761539076,700473.5625
Poland,2005,9.832761284161325,10.833784837955488,-0.050812125205992986,18634.337952101465,0.189033761620522,0.189033761620522,38.124379,14.0108270645142,3.640853946270326,2.639830392476164,710422.5625
Poland,2006,9.891046097630419,10.860011819376068,-0.06601440906524603,19752.71240043679,0.198590934276581,0.198590934276581,38.071167,14.4470682144165,3.6394572239828937,2.670491502237246,752008.8125
Poland,2007,9.988113481039292,10.91267896674685,-0.08075529336929399,21766.1976967588,0.213416337966919,0.213416337966919,38.020421,15.0828437805176,3.6381234101183875,2.7135579244108308,827560.0
Poland,2008,10.02918240867556,10.916445676882898,-0.105954200029373,22678.72203691861,0.21291971206665,0.21291971206665,37.995902,15.64599609375,3.6374783118057445,2.750215043598407,861698.5
Poland,2009,10.094762536728142,10.98797518965802,-0.056458264589309026,24215.847101302545,0.174793466925621,0.174793466925621,38.002155,15.5557479858398,3.6376428686447206,2.7444302157148437,920254.375
Poland,2010,10.154508778341658,11.063095068892832,-0.05889528989791898,25706.747327252608,0.180189415812492,0.180189415812492,38.095351,15.3559951782227,3.6400922536901126,2.7315059631389382,979307.5625
Poland,2011,10.240611304884608,11.143780197671342,-0.06536677479743996,28018.248384272636,0.183744445443153,0.183744445443153,38.208643,15.4853258132935,3.6430617465648805,2.739892853778146,1070539.25
Poland,2012,10.26296104029042,11.165204783296664,-0.05103209614753701,28651.498954137787,0.177909418940544,0.177909418940544,38.247868,15.515570640564,3.6440878201570017,2.741844077150759,1095858.75
Poland,2013,10.255948107525045,11.158186418240165,-0.03694513440132102,28451.27083214517,0.165904209017754,0.165904209017754,38.259262,15.5202770233154,3.6443856747513186,2.7421473640361986,1088524.625
Serbia,1990,9.514105925642106,10.238173510102339,-0.0554838143289089,13549.51355471111,0.131326541304588,0.131326541304588,9.848384,4.77426385879517,2.287307380810828,1.5632397963505942,133440.8125
Serbia,1991,9.38765338414154,10.137618481938702,-0.051911346614360795,11940.047726603047,0.131299823522568,0.131299823522568,9.872429,4.66356801986694,2.289745922458707,1.5397808246615454,117877.2734375
Serbia,1992,9.05445976691918,9.833879831029577,-0.0514289289712905,8556.613459100894,0.129626035690308,0.129626035690308,9.899532,4.54063749313355,2.292487483295881,1.5130674191854827,84706.46875
Serbia,1993,8.68913134510647,9.496804647582396,-0.0636613629758358,5938.021909970471,0.130207613110542,0.130207613110542,9.922389,4.4243369102478,2.294793718915611,1.4871204164396836,58919.36328125
Serbia,1994,8.7128852941612,9.540466755641745,-0.0685317032039165,6080.761988486901,0.128669932484627,0.128669932484627,9.942414,4.34588050842285,2.2968098483263173,1.4692283868457732,60457.453125
Serbia,1995,8.767105301727906,9.60976947023123,-0.0319705717265606,6419.562845266011,0.117713257670403,0.117713257670403,9.960798,4.28874015808106,2.2986571888689604,1.4559930203656357,63943.96875
Serbia,1996,8.765906867242501,9.614244854093338,-0.0861219353973862,6411.874027963187,0.128257393836975,0.128257393836975,9.976474,4.27118682861328,2.30022972128266,1.451891734431825,63967.89453125
Serbia,1997,8.836269949153053,9.624387520594057,-0.09107463061809519,6879.284642585275,0.145385056734085,0.145385056734085,9.986466,4.54084539413452,2.301230776321089,1.5131132048800848,68699.7421875
Serbia,1998,8.913236237973642,9.701171981071079,-0.0729848966002465,7429.666402434726,0.140120953321457,0.140120953321457,9.844886,4.47728300094605,2.286952132542076,1.4990163894446389,73144.21875
Serbia,1999,9.063027762981807,9.936092571072916,-0.035615744069218705,8630.241461322294,0.124689936637878,0.124689936637878,7.734365,3.23040843009949,2.0456733862788896,1.1726085781877815,66749.4375
Serbia,2000,9.129891514044441,10.026822174938074,-0.027533397078514103,9227.02091270442,0.124702639877796,0.124702639877796,7.694605,3.13800978660584,2.0405194339395205,1.1435887730458882,70998.28125
Serbia,2001,9.078112278303614,9.96945161388612,-0.1056428179144859,8761.411300382244,0.134573131799698,0.134573131799698,7.651927,3.13810205459595,2.034957511542955,1.143618175960448,67041.6796875
Serbia,2002,9.181281681028851,10.106891572004782,-0.13081616908311872,9713.594527871033,0.161951705813408,0.161951705813408,7.616743,3.01843643188477,2.0303488505037235,1.1047389595277923,73985.953125
Serbia,2003,9.254757658836091,10.20514359022209,-0.14576510339975401,10454.185032871444,0.183892041444778,0.183892041444778,7.590935,2.93459320068359,2.0269547722262673,1.0765688408402696,79357.0390625
Serbia,2004,9.299007103493839,10.242956811084772,-0.2092409133911133,10927.164276912508,0.205770403146744,0.205770403146744,7.565841,2.9437780380249,2.023643510922611,1.079693803331678,82673.1875
Serbia,2005,9.36822618380655,10.379115061148452,-0.149204090237617,11710.324690186524,0.194943234324455,0.194943234324455,7.539133,2.74345564842224,2.0201071886709823,1.0092183113290822,88285.6953125
Serbia,2006,9.46428574981181,10.509278832255108,-0.15955126285552998,12891.013888367459,0.197999715805054,0.197999715805054,7.511394,2.64171409606934,2.01642106772537,0.9714279852820724,96829.484375
Serbia,2007,9.52721962624576,10.558701020001855,-0.208135098218918,13728.367977355038,0.232324555516243,0.232324555516243,7.482989,2.66752457618713,2.012632311098477,0.9811509173423817,102729.2265625
Serbia,2008,9.606085278587845,10.572685069432653,-0.211523339152336,14854.903304531532,0.251903563737869,0.251903563737869,7.454279,2.83541536331177,2.008788229924615,1.0421884390798055,110732.59375
Serbia,2009,9.61362853374728,10.652017747432168,-0.148279622197152,14967.381322381296,0.177915871143341,0.177915871143341,7.425347,2.62875461578369,2.0048994176034975,0.96651020391861,111138.0
Serbia,2010,9.607429627907281,10.729645420031137,-0.138328090310097,14874.886913144968,0.160183966159821,0.160183966159821,7.395864,2.40777993202209,2.0009209250378017,0.8787051329139466,110012.640625
Serbia,2011,9.700978861256258,10.877171197755793,-0.14012852311134402,16333.587691563409,0.159061685204506,0.159061685204506,7.364859,2.27169799804688,1.996719905128482,0.8205275686289484,120294.5703125
Serbia,2012,9.704436557876889,10.886935816806695,-0.14720818400383004,16390.162034619392,0.156293302774429,0.156293302774429,7.324623,2.24508285522461,1.991241686001838,0.8087424270720336,120051.7578125
Serbia,2013,9.713844674432153,10.854904033786445,-0.127554357051849,16545.09023794079,0.163749977946281,0.163749977946281,7.27618,2.32459688186646,1.9846059992173848,0.8435466398630933,120385.0546875
Slovakia,1990,9.977013052913453,10.746566578791972,-0.0416726395487786,21525.919645512276,0.239298403263092,0.239298403263092,5.266078,2.43935179710388,1.6612858729659403,0.8917323470874197,113357.171875
Slovakia,1991,9.747554275201079,10.597665186081963,-0.013555251061916296,17112.325549294077,0.223634794354439,0.223634794354439,5.284874,2.25858354568481,1.6648487779783958,0.8147378670975123,90436.484375
Slovakia,1992,9.676194285693748,10.596842639720357,-0.018130257725715998,15933.74212230205,0.187109440565109,0.187109440565109,5.306436,2.1133451461792,1.6689204234667117,0.748272069440103,84551.3828125
Slovakia,1993,9.674914805551643,10.598968138686171,-0.018478959798811978,15913.368252427548,0.172833830118179,0.172833830118179,5.32636,2.11406946182251,1.6726680780477337,0.7486147449132052,84760.328125
Slovakia,1994,9.723344989764932,10.670502053824936,0.004132568836211992,16703.022829258178,0.146845310926437,0.146845310926437,5.343231,2.07232975959778,1.6758305261791906,0.7286734621191866,89248.109375
Slovakia,1995,9.770673562433068,10.69830922752004,0.0034695565700530173,17512.55904853349,0.176402494311333,0.176402494311333,5.354282,2.1175525188446,1.6778966146113592,0.7502609495243875,93767.1796875
Slovakia,1996,9.780298509993179,10.689221847397668,-0.05139318108558599,17681.930298178362,0.240395918488503,0.240395918488503,5.362428,2.16083240509033,1.6794168575905717,0.7704935201860809,94818.078125
Slovakia,1997,9.798919981964064,10.720043690719589,-0.056484699249267994,18014.278671896926,0.24175851047039,0.24175851047039,5.369779,2.13755583763123,1.6807867531115175,0.7596630443559937,96732.6953125
Slovakia,1998,9.792321562575749,10.719540244289048,-0.07883074879646301,17895.804208196925,0.237877637147903,0.237877637147903,5.374796,2.12655210494995,1.6817206198051025,0.7545019380918027,96186.296875
Slovakia,1999,9.755731399919984,10.70949542655366,-0.047495007514953,17252.828843120176,0.206029430031776,0.206029430031776,5.378104,2.07211923599243,1.6823358957035779,0.728571869069903,92787.5078125
Slovakia,2000,9.791108184319564,10.765542517288486,-0.040878206491471,17874.102997045167,0.188650250434876,0.188650250434876,5.379999,2.03044271469116,1.6826881883000697,0.7082538553311478,96162.65625
Slovakia,2001,9.836713199084503,10.801476224720892,-0.080244690179825,18708.12497432352,0.204487517476082,0.204487517476082,5.379437,2.04996085166931,1.6825837218576818,0.7178206962212936,100639.1796875
Slovakia,2002,9.876972306166094,10.840641910536503,-0.08846265077590898,19476.66392602174,0.199810549616814,0.199810549616814,5.377688,2.05153632164001,1.6822585420321408,0.7185889376617309,104739.421875
Slovakia,2003,9.903450876884659,10.856481937128807,-0.06948348879814192,19999.266500421487,0.192106202244759,0.192106202244759,5.376196,2.07290291786194,1.6819810608895929,0.7289500006454455,107519.9765625
Slovakia,2004,9.946555031801,10.902452181994178,-0.119340360164642,20880.16682778284,0.230161115527153,0.230161115527153,5.376038,2.06690955162048,1.681951671648248,0.7260545214550685,112252.5703125
Slovakia,2005,10.00211852076051,10.94288290016665,-0.11158376932144198,22073.178783620795,0.264838367700577,0.264838367700577,5.376695,2.0986819267273,1.682073873138942,0.7413094937328023,118680.75
Slovakia,2006,10.10052580721224,11.02139906104168,-0.127100169658661,24355.812520016385,0.262492805719376,0.262492805719376,5.376846,2.14090514183044,1.6821019569115356,0.7612287030820933,130957.453125
Slovakia,2007,10.234610467898767,11.135840043092104,-0.10748738050460804,27850.618904708743,0.274362802505493,0.274362802505493,5.376999,2.18343830108643,1.682130411850213,0.7809008366568763,149752.75
Slovakia,2008,10.308962207544441,11.180187779479596,-0.14558213949203502,30000.286408371627,0.291055381298065,0.291055381298065,5.37912,2.25083041191101,1.6825247920216282,0.8112992200864746,161375.140625
Slovakia,2009,10.28754880857975,11.180738452369585,-0.09280633926391602,29364.70754435455,0.215049356222153,0.215049356222153,5.385073,2.20436882972717,1.6836308666910267,0.7904412229011919,158131.09375
Slovakia,2010,10.343778432773297,11.254467816140401,-0.10884714126586892,31063.178720999524,0.246704876422882,0.246704876422882,5.391851,2.16885495185852,1.6848887396970356,0.7741993563299293,167488.03125
Slovakia,2011,10.38703811128758,11.274259513496052,-0.10736948251724299,32436.451357317907,0.260706275701523,0.260706275701523,5.398109,2.22293257713318,1.6860487070558934,0.7988273048474228,175095.5
Slovakia,2012,10.407505947643173,11.295725924768753,-0.11031478643417403,33107.19626795903,0.227331310510635,0.227331310510635,5.404871,2.22349572181702,1.687300584016346,0.7990806068907658,178940.125
Slovakia,2013,10.38468119317242,11.281955837408779,-0.11558729410171498,32360.091320048607,0.241244167089462,0.241244167089462,5.410422,2.20571660995483,1.6883270935131176,0.7910524492767597,175081.75
Slovenia,1990,10.078171769364548,10.652960742362998,-0.016991913318633922,23817.402009852816,0.198390185832977,0.198390185832977,1.998007,1.12452554702759,0.692150183723728,0.11736121072527989,47587.3359375
Slovenia,1991,9.94423107481521,10.60329662890231,0.009575963020324985,20831.698559118606,0.181564286351204,0.181564286351204,1.999193,1.0342515707016,0.6927435991319154,0.03367804504481512,41646.5859375
Slovenia,1992,9.88871024341595,10.6044649030227,0.004766523838042991,19706.626789517697,0.182086586952209,0.182086586952209,1.995859,0.975621938705444,0.6910745341114942,-0.024680125495255494,39331.6484375
Slovenia,1993,9.951469087566602,10.697866040560427,-0.055774986743927,20983.025651983036,0.200864523649216,0.200864523649216,1.990811,0.943786919116974,0.6885420934039149,-0.05785485958990934,41773.23828125
Slovenia,1994,10.018324497985446,10.790190983603676,-0.05120250582695002,22433.810518306942,0.213382065296173,0.213382065296173,1.988262,0.918874621391296,0.6872608902952119,-0.08460559532301738,44604.29296875
Slovenia,1995,10.07838796506334,10.853671284863445,-0.082800954580307,23822.551786383447,0.243771463632584,0.243771463632584,1.988095,0.915663421154022,0.6871768938129552,-0.08810642598714953,47361.49609375
Slovenia,1996,10.11452696109854,10.910410059482281,-0.08488640189170799,24699.220442819154,0.241145297884941,0.241145297884941,1.986793,0.896406471729279,0.6865217809913788,-0.10936131739236067,49072.23828125
Slovenia,1997,10.142148702618188,10.95466484498362,-0.075059473514557,25390.96554723397,0.258400082588196,0.258400082588196,1.984398,0.880557060241699,0.6853155935829307,-0.12720054878250023,50385.78125
Slovenia,1998,10.157269730726368,10.968838800769543,-0.07456669211387595,25777.820502266593,0.273786962032318,0.273786962032318,1.980064,0.879466414451599,0.6831291674163827,-0.128439902626792,51041.734375
Slovenia,1999,10.190753415621526,10.987721123268802,-0.09924820065498302,26655.570059645852,0.303327143192291,0.303327143192291,1.981194,0.892911314964294,0.6836996932597643,-0.11326801438751137,52809.85546875
Slovenia,2000,10.20735628088529,10.991387267376535,-0.09539026021957403,27101.823187200025,0.303756147623062,0.303756147623062,1.986816,0.9071044921875,0.6865333573694271,-0.09749762912181978,53846.3359375
Slovenia,2001,10.231784058209882,11.011395746305594,-0.08107215166091997,27772.01278447428,0.284731179475784,0.284731179475784,1.989679,0.912435054779053,0.6879733191924398,-0.09163836890327107,55257.390625
Slovenia,2002,10.259950306452756,11.027427951469933,-0.06744310259819103,28565.36664253163,0.26782900094986,0.26782900094986,1.991572,0.924452722072601,0.6889242766390596,-0.07855336837811727,56889.984375
Slovenia,2003,10.270389393555984,11.042135370497837,-0.08810615539550803,28865.12487201943,0.290921568870544,0.290921568870544,1.99249,0.920939564704895,0.6893851128490616,-0.08236086409279109,57513.47265625
Slovenia,2004,10.333512516364681,11.100261099604321,-0.12241798639297508,30745.917997211,0.33456563949585,0.33456563949585,1.993545,0.926043450832367,0.6899144609479292,-0.07683412229170919,61293.37109375
Slovenia,2005,10.352834822143533,11.126211693466043,-0.12553966045379694,31345.776689682178,0.350830137729645,0.350830137729645,1.996914,0.921480298042297,0.6916029889094765,-0.0817738824130328,62594.8203125
Slovenia,2006,10.400226349076437,11.161514801973514,-0.15334939956665095,32867.064262193766,0.365665912628174,0.365665912628174,2.003114,0.935582935810089,0.6947029696921632,-0.0665854832049132,65836.4765625
Slovenia,2007,10.466548323288725,11.200349057537945,-0.18937122821807795,35120.7823256666,0.396426051855087,0.396426051855087,2.014158,0.966958701610565,0.7002012420633554,-0.03359949218586516,70738.8046875
Slovenia,2008,10.50793545718079,11.218569673243856,-0.20379012823104903,36604.82924173553,0.394545704126358,0.394545704126358,2.025085,0.994990050792694,0.7056116749862057,-0.005022541076859281,74127.890625
Slovenia,2009,10.432357279441947,11.169209713725955,-0.11257135868072499,33940.262718804406,0.283631980419159,0.283631980419159,2.035608,0.974278688430786,0.7107945457700134,-0.026057888513993575,69089.0703125
Slovenia,2010,10.42966291122725,11.191284524750625,-0.13466238975524902,33848.93823987143,0.275903314352036,0.275903314352036,2.044612,0.954647064208984,0.7152080404422074,-0.04641357308116682,69207.9453125
Slovenia,2011,10.469320525918148,11.249829639003721,-0.13997191190719604,35218.27932906222,0.267357051372528,0.267357051372528,2.048804,0.938706040382385,0.717256208263631,-0.06325290482194293,72155.3515625
Slovenia,2012,10.451817209393031,11.24342423440798,-0.12524056434631403,34607.206143121315,0.243109121918678,0.243109121918678,2.053321,0.930392682552338,0.7194584823657731,-0.07214854264917578,71059.703125
Slovenia,2013,10.447563607661259,11.251836306819628,-0.12007373571395796,34460.31350401008,0.265225529670715,0.265225529670715,2.056441,0.920078873634338,0.7209768187557587,-0.08329588040261005,70865.6015625
