unit,time,treated,log_gdp_pc,Y_resid,trade_openness,inv_share,log_pop,log_emp,log_gdp_emp
Cyprus,1990,0,10.122795037259934,-0.41005654047815376,-0.268716931343078,0.382007420063019,-0.5457621936468869,-1.483076678541245,11.060109522154292
Cyprus,1991,0,10.091487628055141,-0.33775532297034694,-0.254098057746887,0.361782193183899,-0.5193619547882771,-1.4808422794963547,11.05296795276322
Cyprus,1992,0,10.165224158546115,-0.5996609133953541,-0.374375894665718,0.43441453576088,-0.49331319868135953,-1.441641649458193,11.113552609322948
Cyprus,1993,0,10.132076884022366,-0.29190202246882535,-0.296280294656753,0.361878931522369,-0.4687244477473553,-1.4436832470978265,11.107035683372837
Cyprus,1994,0,10.182299965271808,-0.3182019295987484,-0.316745623946189,0.379342764616013,-0.44785082460460224,-1.4281396177092647,11.16258875837647
Cyprus,1995,0,10.233092435414225,-0.036653861683767275,-0.318772822618485,0.325867533683777,-0.42970657248119876,-1.3922709211711242,11.19565678410415
Cyprus,1996,0,10.225826275675294,0.10512669308580946,-0.3426358550786981,0.293995171785355,-0.41415273650572987,-1.3873523666133307,11.199025905782895
Cyprus,1997,0,10.232919203228109,0.13797696218422395,-0.325950801372528,0.289164692163467,-0.39988072981426376,-1.3811818106836724,11.214220284097516
Cyprus,1998,0,10.277750831428762,0.403409689369143,-0.36924222111702,0.239750519394875,-0.38728143767453577,-1.365331537700198,11.255800931454424
Cyprus,1999,0,10.322633062239309,0.41091949983218434,-0.342273160815239,0.247087314724922,-0.3762947308083845,-1.3472331397893078,11.29357147122023
Cyprus,2000,0,10.379443420033343,0.5053465263005563,-0.322178311645985,0.237954944372177,-0.36585985351580497,-1.3309710490547708,11.34455461557231
Cyprus,2001,0,10.425615703059607,0.6193758519025003,-0.338457740843296,0.221522137522697,-0.35481952343927226,-1.3092755537135803,11.380071733333915
Cyprus,2002,0,10.426292354714962,0.453004486206229,-0.3797897845506665,0.257352918386459,-0.3430538479867673,-1.2882851140641987,11.371523620792392
Cyprus,2003,0,10.409836725861231,0.46963648646458545,-0.3961811438202856,0.247100979089737,-0.33151414828023257,-1.2535922042088545,11.331914781789854
Cyprus,2004,0,10.467353604561493,0.25901915712775647,-0.46870085597038297,0.303338080644608,-0.31748170369030043,-1.2140030016384684,11.363874902509663
Cyprus,2005,0,10.499429195693917,0.1781295945495902,-0.46718755364417996,0.325682550668716,-0.30308001463187767,-1.1783166929054774,11.374665873967515
Cyprus,2006,0,10.554219844983177,0.08474352362986437,-0.505752250552178,0.358212649822235,-0.286396232831324,-1.159954248839743,11.427777860991597
Cyprus,2007,0,10.608027623253369,0.09022872277670224,-0.5743132680654519,0.366076916456223,-0.26510551827287604,-1.1166203168128461,11.459542421793339
Cyprus,2008,0,10.679287947871696,-0.050607769957666804,-0.6082174554467199,0.411762267351151,-0.23999473839821503,-1.081996383941044,11.521289593414526
Cyprus,2009,0,10.660505681721396,0.33764738650168447,-0.4400220513343812,0.324531733989716,-0.21314990456750543,-1.0816825100257506,11.52903828717964
Cyprus,2010,0,10.65855937780684,0.269571774933846,-0.47109180688858,0.341439217329025,-0.18699727092820403,-1.075506179040739,11.547068285919377
Cyprus,2011,0,10.585098783822755,0.47769294951616814,-0.475692421197891,0.281580299139023,-0.16148299567431784,-1.0727520430230515,11.496367831171488
Cyprus,2012,0,10.54757276696158,0.6010360632646989,-0.39561925828456906,0.252062350511551,-0.14624616961170764,-1.108883868924131,11.510210466274003
Cyprus,2013,0,10.433063334606247,0.7440797743705261,-0.34556119143962805,0.20170234143734,-0.14858121811238975,-1.1664112002837748,11.450893316777632
Czechia,1990,0,10.221042615571369,0.21360289375320285,-0.01584829390049,0.208352610468864,2.3323368863203506,1.68526707889609,10.86811242299563
Czechia,1991,0,10.04513390704047,0.1983796320335287,0.023235209286213296,0.175817251205444,2.3325735116750943,1.6601056869756299,10.717601731739933
Czechia,1992,0,10.009008848503138,0.12361526614078144,0.011459589004515991,0.189320579171181,2.333351709223844,1.6204258312328401,10.721934726494142
Czechia,1993,0,10.031497706348793,0.14490421162808964,-0.0005312412977220016,0.190063774585724,2.334122325201245,1.6172417224875404,10.748378309062497
Czechia,1994,0,10.070521938065008,0.07876974850284135,-0.007137224078178989,0.212125197052956,2.3343094128864745,1.6277310809913004,10.777100269960183
Czechia,1995,0,10.109441928671341,-0.029459890654010223,-0.02160248160362299,0.243919804692268,2.33331233855334,1.6336620449136987,10.809092222310982
Czechia,1996,0,10.158427206604838,-0.07139606858338787,-0.04396450519561798,0.263281673192978,2.3317679022289806,1.6387775492653152,10.851417559568503
Czechia,1997,0,10.137000943856629,-0.011809479063639827,-0.03986382484436002,0.246048286557198,2.3302052211042072,1.6313112148784485,10.835894950082388
Czechia,1998,0,10.132393842680756,0.0020556904701294343,-0.019820719957350963,0.243996039032936,2.3287815498533315,1.6132335715016413,10.847941821032446
Czechia,1999,0,10.12651844191782,0.0257110129778102,-0.01896443963050798,0.239972665905952,2.3274121355726916,1.591265364527728,10.862665212962783
Czechia,2000,0,10.14326574339064,0.008703045980736235,-0.020922273397445013,0.24835716187954,2.325989461520094,1.5825709204959353,10.886684284414798
Czechia,2001,0,10.197310209999191,0.07254940554104294,-0.019348740577696977,0.245937138795853,2.3255138093703493,1.584141525212723,10.938682494156819
Czechia,2002,0,10.204578517899385,0.08287683538151391,-0.03187787532806402,0.244210094213486,2.3262496651367512,1.5934197049164704,10.937408478119666
Czechia,2003,0,10.230611545645651,0.08297786245798555,-0.034140884876251,0.250937730073929,2.3271715536090323,1.5862855820968775,10.971497517157806
Czechia,2004,0,10.276811928898772,0.059070676385305276,-0.03287640213966403,0.26677080988884,2.3283941552931733,1.5850948223794046,11.02011126181254
Czechia,2005,0,10.296494434070812,0.046887890106365404,-0.015379786491394043,0.271800458431244,2.3302151431847467,1.6034858045639193,11.02322377269164
Czechia,2006,0,10.350943838650563,0.02688284286633369,-0.01740086078643799,0.287047535181046,2.3325892329512317,1.616069185728712,11.067463885873083
Czechia,2007,0,10.440239427208313,0.005280043998743267,-0.02050304412841808,0.309758722782135,2.335782219954218,1.6344818806472756,11.141539766515255
Czechia,2008,0,10.433955875570218,-0.08642709510289137,-0.05192029476165705,0.327301234006882,2.3397163169922,1.6496523005239503,11.124019892038469
Czechia,2009,0,10.435159383673826,0.15481628092742206,-0.030060946941374955,0.276983827352524,2.3438215616080456,1.6296258434125914,11.14935510186928
Czechia,2010,0,10.441309005896274,0.18550833576608738,-0.04012000560760498,0.273079186677933,2.3479441395104725,1.620897817846425,11.16835532756032
Czechia,2011,0,10.48988967582429,0.2121742617980793,-0.041512846946717086,0.278290778398514,2.3509476419395945,1.6208364391826193,11.220000878581265
Czechia,2012,0,10.489289100036464,0.19350901417164224,-0.03593879938125599,0.281768977642059,2.3520735847046037,1.6262166394630544,11.215146045278013
Czechia,2013,0,10.488907383060049,0.2448820332301196,-0.033063769340515026,0.269786953926086,2.3524378352844812,1.6306898966437149,11.210655321700816
Estonia,1990,0,9.450242592378837,-0.65847235131376,-0.06040999293327298,0.24364048242569,0.451268594369915,-0.18474006454542016,10.086251251294172
Estonia,1991,0,9.548293923536436,-0.28610314353151267,0.043977364897727994,0.185585513710976,0.44813052248550284,-0.21045056288519068,10.20687500890713
Estonia,1992,0,9.272571783935339,-0.42887972245051387,0.05301129817962602,0.161288633942604,0.43192006928861,-0.26813248447022425,9.972624337694173
Estonia,1993,0,9.254324154300656,-0.35653047054899467,-0.050005823373795,0.148465991020203,0.40835559329465954,-0.3497704083203594,10.012450155915674
Estonia,1994,0,9.239571602730624,-0.3634124349460848,-0.09341642260551403,0.149052515625954,0.3891419404653729,-0.3868956440114301,10.015609187207428
Estonia,1995,0,9.346914149867757,-0.19525347109036062,-0.080566316843033,0.141722127795219,0.37347689724177496,-0.45201427083912504,10.172405317948657
Estonia,1996,0,9.410124911011433,-0.20442705744160428,-0.09092247486114502,0.158828273415566,0.36092161405739964,-0.4724231646800733,10.243469689748904
Estonia,1997,0,9.490566879494619,-0.2807522607567421,-0.11604285240173307,0.191949009895325,0.3517098381760101,-0.46759307337894174,10.30986979104957
Estonia,1998,0,9.530566473357515,-0.30494302850959976,-0.10365748405456598,0.207423284649849,0.3444425321184703,-0.48455786361764164,10.359566869093626
Estonia,1999,0,9.547180491646516,-0.099304857561485,-0.056829631328582986,0.169892966747284,0.33902469062289364,-0.5255863005903203,10.41179148285973
Estonia,2000,0,9.625132768175815,-0.10710284720838636,-0.041735559701919,0.18983893096447,0.33432493281367864,-0.5376065331948137,10.497064234184307
Estonia,2001,0,9.68029485852043,-0.1460445355815363,-0.05530270934105003,0.209317728877068,0.3279870533435203,-0.5321665360769797,10.54044844794093
Estonia,2002,0,9.752737727838328,-0.17004405211587859,-0.08690312504768394,0.229964569211006,0.321673995043888,-0.5320216275857266,10.606433350467944
Estonia,2003,0,9.8135839155678,-0.3239397042019938,-0.117925465106964,0.274313002824783,0.31543098540418324,-0.5110635342017326,10.640078435173717
Estonia,2004,0,9.89980952224895,-0.3361979775986761,-0.14438045024871793,0.295894354581833,0.30945041352490565,-0.514552146756577,10.723812082530431
Estonia,2005,0,9.986441332295986,-0.3219126152034839,-0.108123898506164,0.308576166629791,0.30368927091756914,-0.4924220729560848,10.78255267616964
Estonia,2006,0,10.098139235230308,-0.552082636256225,-0.163623929023742,0.377875208854675,0.2977908066000688,-0.4445914143447808,10.840521456175157
Estonia,2007,0,10.23228041837444,-0.5095645350775371,-0.161449313163758,0.397292971611023,0.29319559501351644,-0.4415218365638087,10.966997849951765
Estonia,2008,0,10.240748444329785,-0.25180233669962426,-0.14671039581298895,0.341865539550781,0.2904836443817413,-0.4429034936012356,10.974135582312764
Estonia,2009,0,10.1366825156923,0.20370833821492695,-0.024058341979980025,0.230675160884857,0.28857767128339423,-0.5503832075805181,10.975643394556212
Estonia,2010,0,10.179318342016952,0.23657281842695532,-0.020982205867768,0.238830372691154,0.2862670718103984,-0.6015918514093782,11.067177265236728
Estonia,2011,0,10.330325739494063,0.14767611440406725,-0.048422217369078924,0.283979177474976,0.28319050042753985,-0.5385185516576485,11.15203479157925
Estonia,2012,0,10.385040861230625,0.012161716551448265,-0.08729565143585205,0.323808193206787,0.2796115935691929,-0.5225675227581847,11.187219977558003
Estonia,2013,0,10.391925923428568,0.13647854561043182,-0.06742674112319991,0.29581817984581,0.27605397743911636,-0.5099571242457995,11.177937025113483
Hungary,1990,0,9.653985198840271,-0.18557024998751714,0.025349356234072987,0.179139763116837,2.3400042805279293,1.6267937864828028,10.367195692885398
Hungary,1991,0,9.543291389125915,-0.16768082542927765,-0.002481311559677013,0.157374143600464,2.339705139753375,1.571233939915268,10.311762588964022
Hungary,1992,0,9.558962563823677,0.044829068660281024,-0.0050257742404939965,0.124369606375694,2.3390591529311333,1.483426370700313,10.414595346054497
Hungary,1993,0,9.606134904248833,-0.0040249636080265105,-0.05887930095195798,0.153610929846764,2.3376500676306984,1.4170324961275498,10.526752475751982
Hungary,1994,0,9.664293996575072,-0.013251573335717026,-0.04784505069255798,0.172592744231224,2.336013776218395,1.3824294084026278,10.61787836439084
Hungary,1995,0,9.705914391105457,0.049853501779395515,-0.018262401223182984,0.169947817921639,2.334353878606875,1.3635128220701265,10.676755447642206
Hungary,1996,0,9.736618340054868,0.06846243959743603,-0.01714655756950395,0.17265622317791,2.332360861987864,1.3614289203588772,10.707550281683854
Hungary,1997,0,9.767667740685184,0.06745809938709613,-0.022854626178740955,0.178269699215889,2.33006425856134,1.3715174927468372,10.726214506499687
Hungary,1998,0,9.794362120470536,0.0019870106643047336,-0.03710195422172602,0.19733914732933,2.327445203750938,1.3802788250466997,10.741528499174773
Hungary,1999,0,9.826489043585243,0.07251788421338468,-0.046847909688949974,0.186129510402679,2.324326623715281,1.3994060441579865,10.751409623142537
Hungary,2000,0,9.86777773983177,0.061700279726784046,-0.04771170020103399,0.196587815880775,2.3214657267573338,1.4057072430194666,10.783536223569635
Hungary,2001,0,9.969057335926706,0.12536876437790667,-0.048186212778091986,0.204393342137337,2.3191166900245896,1.4078879454687945,10.880286080482502
Hungary,2002,0,10.022071051821309,0.20881563669725622,-0.05820515751838701,0.197466284036636,2.316336704667471,1.4067369888805776,10.931670767608203
Hungary,2003,0,10.024088113019417,0.16572107541480818,-0.07926157116889998,0.204776808619499,2.313422456060365,1.4260633646110183,10.911447204468763
Hungary,2004,0,10.04643126200408,-0.011705873841330927,-0.11425709724426303,0.249966636300087,2.3111276016472506,1.416644117758431,10.940914745892899
Hungary,2005,0,10.05651906563479,0.028443780412070296,-0.09091931581497203,0.243939787149429,2.309134200695362,1.4095332855507543,10.956119980779397
Hungary,2006,0,10.102284950614262,0.04605491251907523,-0.08461290597915605,0.248918995261192,2.30756696284721,1.4184193211903784,10.991432592271092
Hungary,2007,0,10.136622721846306,0.09364979744477786,-0.0797641873359679,0.246530592441559,2.3059874982431396,1.412420039948538,11.030190180140908
Hungary,2008,0,10.178587174201517,0.07544220509960553,-0.09606426954269398,0.262123286724091,2.304249407254405,1.3923754156901649,11.090461165765758
Hungary,2009,0,10.189321975067156,0.2850346393124745,-0.048359155654907005,0.220129624009132,2.302722883500498,1.3736913866795146,11.118353471888138
Hungary,2010,0,10.225649140445958,0.34407196336826296,-0.03896391391754206,0.215822204947472,2.3004958119656296,1.3656319428177117,11.160513009593876
Hungary,2011,0,10.25235322206144,0.3481209510762664,-0.04648602008819602,0.220638632774353,2.297238425004812,1.3642769517084672,11.185314695357786
Hungary,2012,0,10.252528314701312,0.2976747363997845,-0.05119103193283103,0.230033785104752,2.2942124399524895,1.3764329457147948,11.170307808939008
Hungary,2013,0,10.265059440761334,0.22765848608828598,-0.05319923162460294,0.246043786406517,2.291458016046692,1.3926545310951792,11.163862925712847
Latvia,1990,0,9.813377036158121,-0.1643828122298121,0.019253551959990983,0.224966898560524,0.9783753697012595,0.2249193364974773,10.566833069361902
Latvia,1991,0,9.720634273846388,-0.20919576775706616,0.02030860632658049,0.2148367613554,0.9741595599767912,0.21687595361034606,10.477917880212832
Latvia,1992,0,9.387846575135447,-0.5325401536852716,0.08684445917606401,0.220414012670517,0.9611979385406665,0.14188894320406292,10.20715557047205
Latvia,1993,0,9.335420171137978,0.04920016116383863,0.118181504309178,0.0862429663538933,0.9414983337859789,0.07044597781404337,10.206472527109913
Latvia,1994,0,9.214462642699216,-0.08302471898869257,-0.032449886202812,0.099696196615696,0.9247480675763934,-0.03498207685083778,10.174192787126445
Latvia,1995,0,9.182641427780055,-0.07780195867039019,-0.047588557004929005,0.0941603481769562,0.9106544779947396,-0.07014790569505389,10.16344381146985
Latvia,1996,0,9.180360990135654,-0.198896372754076,-0.08111973106861098,0.11855486035347,0.8993093610885584,-0.06478542610746858,10.14445577733168
Latvia,1997,0,9.241958090545543,-0.17361663219152135,-0.10122701525688199,0.120183728635311,0.8892200038073876,-0.02163318802110094,10.152811282374032
Latvia,1998,0,9.33348867728595,-0.2541271073855391,-0.13002648949623102,0.157682731747627,0.8797134657341303,-0.02519552506996146,10.238397668090043
Latvia,1999,0,9.400878262231075,-0.14499361387727738,-0.11160080134868602,0.149690330028534,0.8716372398663974,-0.04313337262377669,10.31564887472125
Latvia,2000,0,9.440762399213575,-0.1559649083660375,-0.11375989019870797,0.164072945713997,0.8621778873409319,-0.07743321661167442,10.380373503166181
Latvia,2001,0,9.509519824277294,-0.24847188946382026,-0.12555551528930697,0.196411669254303,0.8494245972782404,-0.061354001566400154,10.420298423121935
Latvia,2002,0,9.591174524607712,-0.1751698280953793,-0.15380056202411602,0.195156708359718,0.8378322020613284,-0.04678351423077179,10.475790240899814
Latvia,2003,0,9.621104390040006,-0.3122946520011478,-0.183122724294662,0.230331942439079,0.8281080509940558,-0.04057561927162838,10.48978806030569
Latvia,2004,0,9.685957178018644,-0.4573364101280486,-0.21188151836395297,0.275317698717117,0.8172100125114078,-0.03800804598331282,10.541175236513363
Latvia,2005,0,9.765973213933917,-0.5454284366268354,-0.24003285169601402,0.310285270214081,0.8063794326459864,-0.029224526724588647,10.601577173304491
Latvia,2006,0,9.876539629068969,-0.6844436428322958,-0.30461573600769104,0.357768177986145,0.7970710647567965,0.026462530294794475,10.64714816353097
Latvia,2007,0,10.023569943170196,-0.6467040385884317,-0.342509210109711,0.376519680023193,0.7888100254433574,0.06363627360745651,10.748743695006096
Latvia,2008,0,10.060662767202091,-0.5179642038494201,-0.31038898229599005,0.356012493371964,0.7782743251648185,0.0552481888732022,10.783688903493706
Latvia,2009,0,9.94976291130683,0.017375388698804173,-0.14460813999175998,0.229708775877953,0.7617600465206084,-0.09956163058441356,10.811084588411852
Latvia,2010,0,9.975633095446023,0.15270657723639225,-0.156804829835892,0.211434721946716,0.7409039538220147,-0.1682744484083682,10.884811497676406
Latvia,2011,0,10.059247438336469,-0.052920855377779574,-0.206788271665573,0.271630853414536,0.7226773416146357,-0.15304054383270238,10.934965323783807
Latvia,2012,0,10.122967399016611,-0.04580635887992024,-0.19966629147529596,0.281017482280731,0.7103154586502832,-0.13870611193981905,10.971988969606713
Latvia,2013,0,10.14059557531139,0.07350350450723475,-0.20185664296150208,0.254510641098022,0.6996311143552011,-0.1163241665062692,10.95655085617286
Lithuania,1990,0,9.695898805652448,0.010159369004066221,-0.07285845279693601,0.160157531499863,1.3069838020268267,0.5336409934835901,10.469241614195685
Lithuania,1991,0,9.560455027935186,-0.027113906536019527,0.010654963552951702,0.137292206287384,1.3087130176360344,0.5442249278879662,10.324943117683254
Lithuania,1992,0,9.38902925414841,0.06743214591350899,0.007691793143749293,0.0794491618871689,1.307668815464401,0.5339013125058762,10.162796757106936
Lithuania,1993,0,9.224063888697328,-0.12026746830011881,-0.024368286132812,0.0876240357756615,1.3029662833567164,0.5038301631786805,10.023200008875364
Lithuania,1994,0,9.188630590813633,-0.09753133902450628,-0.040172889828682,0.0809302181005478,1.2960662705956296,0.44652968794831416,10.038167173460947
Lithuania,1995,0,9.234083665547754,-0.10713644166285974,-0.055284827947616993,0.0950074568390846,1.288416337224101,0.4240613392711751,10.09843866350068
Lithuania,1996,0,9.304795460165714,-0.12799748586822268,-0.071474969387055,0.113302625715733,1.2808535644618533,0.43344877143803695,10.15220025318953
Lithuania,1997,0,9.389513602093096,-0.1912415442889852,-0.08984681963920599,0.14453113079071,1.2735200421234856,0.4395462946969792,10.223487349519603
Lithuania,1998,0,9.460280857612885,-0.19320390751767924,-0.10489216446876504,0.160787582397461,1.2663195189595828,0.4317472475185281,10.29485312905394
Lithuania,1999,0,9.489977972001586,-0.025935964087448582,-0.07040722668170898,0.13218492269516,1.2592847979140174,0.409536547790437,10.339726222125167
Lithuania,2000,0,9.552447935119948,0.11737280372068781,-0.032714813947678,0.118678949773312,1.2528778190426484,0.367315414175701,10.438010339986896
Lithuania,2001,0,9.630032368163018,0.1492524122692771,-0.03415811061859103,0.132479771971703,1.2450199255032834,0.3299284042185238,10.54512388944778
Lithuania,2002,0,9.699815043389362,0.15144062673220837,-0.06966903805732699,0.142245605587959,1.236648104462422,0.36485894851493117,10.571604199336853
Lithuania,2003,0,9.784824223412267,0.14787091866190671,-0.07200449705123901,0.15817828476429,1.2282588952731899,0.3873810454621374,10.62570207322332
Lithuania,2004,0,9.832699457478965,0.09359067872270366,-0.11789053678512601,0.180897057056427,1.2168986050649,0.3761981313323171,10.673399931211547
Lithuania,2005,0,9.886811129515614,0.059318000910080215,-0.12551116943359403,0.197706326842308,1.200646177232585,0.3838102568602387,10.703647049887959
Lithuania,2006,0,9.971327717243463,0.016874256899535922,-0.15688210725784302,0.224371090531349,1.1847312675890036,0.3810879629398345,10.774971021892632
Lithuania,2007,0,10.101073740583498,-0.17406967619416314,-0.22499883174896196,0.291665583848953,1.1729074337800711,0.4013125448157859,10.872668629547782
Lithuania,2008,0,10.153611943795635,-0.0024690281628405586,-0.24445647001266502,0.265691041946411,1.1626760096059034,0.3881938306298112,10.928094122771727
Lithuania,2009,0,10.036884041716045,0.5783701321535322,-0.09690856933593806,0.119431003928185,1.151601244608684,0.3087004316415955,10.879784854683134
Lithuania,2010,0,10.108789310954293,0.37454143643438265,-0.12200498580932706,0.184843525290489,1.1306663570191806,0.25414119947655606,10.985314468496917
Lithuania,2011,0,10.247865702878153,0.35083113836504687,-0.13380080461502097,0.217689692974091,1.1081143342379611,0.2596355673173228,11.09634446979879
Lithuania,2012,0,10.320228591566417,0.4769872322880033,-0.09341096878051702,0.201987490057945,1.0947143683042764,0.2779584647786927,11.136984495092001
Lithuania,2013,0,10.346541208784988,0.4681629971516319,-0.09977686405181896,0.207049876451492,1.0846350607372501,0.29085735094632664,11.140318918575911
Malta,1990,0,9.803255627339537,-0.4239161258458264,-0.346169024705887,0.327872455120087,-0.9999223720684154,-2.0210290843856713,10.824362339656792
Malta,1991,0,9.86075354241872,-0.2617088815027717,-0.28852352499961903,0.302710771560669,-0.9906587378337368,-1.9964454154311793,10.866540220016164
Malta,1992,0,9.872942578209617,-0.11701914589499296,-0.34351253509521495,0.273185163736343,-0.9813760691550936,-1.986579316527377,10.878145825581901
Malta,1993,0,9.895897689299826,-0.16533199931120812,-0.33699393272399897,0.289709389209747,-0.9722871740059594,-1.9839420320988843,10.90755254739275
Malta,1994,0,9.946556881620639,-0.18821085113274805,-0.315549165010452,0.305708080530167,-0.9637650121986119,-1.9734097931049155,10.956201662526942
Malta,1995,0,9.98903348869683,-0.23221147851897328,-0.355444252490998,0.3206966817379,-0.9556814594790742,-1.9315172288560152,10.96486925807377
Malta,1996,0,9.986947465004492,-0.18528483200995893,-0.40313380956649797,0.306822121143341,-0.9477194813778153,-1.8994362793173887,10.938664262944066
Malta,1997,0,10.078987553469199,0.019456330382922715,-0.31217730045318604,0.280490189790726,-0.9398690280457394,-1.8811091588535593,11.02022768427702
Malta,1998,0,10.13479595072195,0.0974411300832756,-0.302683562040329,0.27547299861908,-0.9319781383188627,-1.8728931568236062,11.075710969226693
Malta,1999,0,10.202192659795504,0.22760505645523388,-0.31263440847396906,0.260057181119919,-0.9240986343667988,-1.8532480273994305,11.131342052828135
Malta,2000,0,10.248412136347582,0.2679222336797835,-0.214861869812012,0.261330366134644,-0.9165532663333106,-1.8458756171744723,11.177734487188744
Malta,2001,0,10.236680360833438,0.43922059402423663,-0.275652706623077,0.221709638834,-0.9093548408730426,-1.8470610545758501,11.174386574536246
Malta,2002,0,10.264316104841308,0.6120896581880562,-0.25136554241180403,0.188680797815323,-0.90247412234174,-1.8338834841298277,11.195725466629396
Malta,2003,0,10.265717221066998,0.31369696745832165,-0.25672838091850303,0.253898948431015,-0.8959343363672705,-1.8173755649982897,11.187158449698018
Malta,2004,0,10.267424595218667,0.20484677915096228,-0.384948670864105,0.2790507376194,-0.8896536694887577,-1.816672084409348,11.194443010139258
Malta,2005,0,10.26530857876891,0.06340358458234796,-0.359834909439087,0.309659212827683,-0.8835331676359828,-1.8085559638306241,11.19033137496355
Malta,2006,0,10.283561462662663,0.38009351046241235,-0.358438104391098,0.241725519299507,-0.8783833808034036,-1.7893928680000788,11.194570949859338
Malta,2007,0,10.341137810407183,0.32239360003543815,-0.35352262854576105,0.265152752399445,-0.874196746677155,-1.7679609711903002,11.234902034920328
Malta,2008,0,10.39398335501523,0.36012011433893143,-0.415637522935867,0.266377449035645,-0.8699583474772657,-1.7465551728522875,11.270580180390251
Malta,2009,0,10.419185180443964,0.4856687004668352,-0.33427783846855097,0.244507417082787,-0.8656094997585077,-1.7456167151313446,11.299192395816801
Malta,2010,0,10.482328089949947,0.385923585938583,-0.40373501181602495,0.280936658382416,-0.8612084995861026,-1.743992661243235,11.36511225160708
Malta,2011,0,10.471720182956004,0.587093751862648,-0.43029117584228405,0.231516167521477,-0.8565417874689428,-1.719509459668291,11.334687855155352
Malta,2012,0,10.514889831669555,0.4540680750242494,-0.44998627901076993,0.269024670124054,-0.8518826879983715,-1.7023135634148805,11.365320707086063
Malta,2013,0,10.53966112960966,0.5059719617687879,-0.46691405773162387,0.259207785129547,-0.8475765658886406,-1.6671552303966108,11.35923979411763
North Macedonia,1990,0,8.804752038483516,-0.8384768931996884,-0.06366887688636799,0.150228545069695,0.724495157971628,-0.00878341657603414,9.538030613031177
North Macedonia,1991,0,8.820596984806967,-0.707037686209846,-0.025200091302394992,0.128686100244522,0.7207594293007228,-0.04580525381926515,9.587161667926955
North Macedonia,1992,0,8.749798404936579,-0.6534466732385891,-0.005453720688819996,0.108348041772842,0.709277878488963,-0.11593187267825232,9.575008156103793
North Macedonia,1993,0,8.742593203385471,-0.6521631845528084,-0.031475365161896,0.115254729986191,0.6965683217769958,-0.1998360424132781,9.638997567575746
North Macedonia,1994,0,8.7787494882576,-0.5424623342460304,-0.06198826432228002,0.106653407216072,0.689473440633527,-0.26962167001898907,9.737844598910115
North Macedonia,1995,0,8.817635285679604,-0.6038779389622473,-0.07760518789291401,0.142321735620499,0.6924139117840955,-0.3768042495268749,9.886853446990575
North Macedonia,1996,0,8.824234226732921,-0.5394507000750934,-0.08326536417007402,0.13608293235302,0.6994040653675374,-0.4241787889938653,9.947817081094323
North Macedonia,1997,0,8.841588490434281,-0.5166494210915555,-0.09048362076282498,0.142430528998375,0.705942470577298,-0.4799203054986006,10.027451266510178
North Macedonia,1998,0,8.88653394188096,-0.45039395314125663,-0.08730264008045202,0.141647577285767,0.7117569398091022,-0.5067553317586315,10.105046213448695
North Macedonia,1999,0,8.975384418295203,-0.2774531227547925,-0.059027373790740995,0.121406242251396,0.7169061867437418,-0.4888797411572174,10.181170346196161
North Macedonia,2000,0,9.042291700889331,-0.2514029730527998,-0.073103427886962,0.132740005850792,0.7213715977600045,-0.5033044150567506,10.266967713706086
North Macedonia,2001,0,9.080017656486284,-0.16127832327874003,-0.069409400224686,0.124258503317833,0.725760052244136,-0.5248924074517496,10.33067011618217
North Macedonia,2002,0,9.082962656025472,-0.297799143856496,-0.12022313475608798,0.150441884994507,0.7297124480591867,-0.48231947334905717,10.294994577433716
North Macedonia,2003,0,9.11899176120397,-0.22495211219247757,-0.11575087904930098,0.142252087593079,0.7330460291120483,-0.4789888640871526,10.331026654403171
North Macedonia,2004,1,9.146508519089446,-0.34181758582644406,-0.153957515954971,0.182150557637215,0.7355268412880469,-0.5411873088790744,10.423222669256567
North Macedonia,2005,1,9.224415691923705,-0.2471054086586264,-0.128186225891113,0.17188723385334,0.7370717172150963,-0.4862070438539622,10.447694452992762
North Macedonia,2006,1,9.277982588995403,-0.2931454122053623,-0.136361345648765,0.18779818713665,0.7367970129750749,-0.435864713953272,10.45064431592375
North Macedonia,2007,1,9.363381204906519,-0.2997802273098742,-0.15870594978332597,0.203950211405754,0.7333155214952353,-0.4042601516054055,10.500956878007159
North Macedonia,2008,1,9.439426045824703,-0.40965215355806706,-0.21888107061386097,0.235219150781631,0.7279514246861751,-0.3277140811079773,10.495091551618856
North Macedonia,2009,1,9.504077181646736,-0.32260103623201175,-0.177382588386536,0.224229529500008,0.7229967172331678,-0.28304558265781,10.510119481537712
North Macedonia,2010,1,9.537757100109834,-0.21368769694604595,-0.15820904076099399,0.211279824376106,0.7185736701381769,-0.3177804923638745,10.574111262611886
North Macedonia,2011,1,9.540637941183329,-0.32968267350940117,-0.18600955605506897,0.235410958528519,0.7131684114116071,-0.3045755747626585,10.558381927357594
North Macedonia,2012,1,9.567253012772518,-0.4246007740660094,-0.191936314105987,0.260490030050278,0.7066994325413167,-0.2953056435838984,10.569258088897733
North Macedonia,2013,1,9.59212537760962,-0.41547006395650854,-0.18424764275550798,0.256936460733414,0.6997652328615207,-0.24412038035312875,10.536010990824268
Poland,1990,0,9.247028327328188,-0.6219877827439166,0.038373533636331496,0.196378812193871,3.6390444380268034,2.757970572158787,10.128102193196204
Poland,1991,0,9.188398536120445,-0.49077559310443064,-0.001039683818817097,0.161882534623146,3.6416030024534374,2.698093584243977,10.131907954329906
Poland,1992,0,9.248313435222936,-0.29059280804028553,-0.0127925351262093,0.132128596305847,3.6437157563591978,2.688995771771904,10.20303341981023
Poland,1993,0,9.313796230898848,-0.24331563757259644,-0.027945853769778997,0.139224022626877,3.645316258014598,2.6654539649190925,10.293658523994354
Poland,1994,0,9.382777317965413,-0.1936424613376353,-0.020740821957588598,0.142370030283928,3.646606224769976,2.6759664752339964,10.353417067501393
Poland,1995,0,9.468995977316746,-0.20415853226150027,-0.025811582803725988,0.161710813641548,3.6471369058056955,2.6937595536871717,10.422373329435269
Poland,1996,0,9.533923511882236,-0.21938712707592245,-0.054310008883475994,0.178078010678291,3.646993638728535,2.705162952393138,10.475754198217633
Poland,1997,0,9.59116894183925,-0.2251367717276338,-0.067858248949051,0.190334156155586,3.646710459045641,2.718935174282087,10.518944226602803
Poland,1998,0,9.643572653201735,-0.22446709591992509,-0.074276991188526,0.20036768913269,3.646139919162586,2.730187923446899,10.559524648917423
Poland,1999,0,9.692532095464859,-0.15345256100745885,-0.068006195127964,0.199488610029221,3.6451290353167787,2.696382925238678,10.64127820554296
Poland,2000,0,9.715551911562683,-0.1065646780288052,-0.064950160682201,0.196958720684052,3.6443545445497447,2.6730263673661607,10.686880088746266
Poland,2001,0,9.738640773874824,0.052942727855233684,-0.058561950922012995,0.169428423047066,3.6440744598459496,2.6504639784440607,10.732251255276712
Poland,2002,0,9.766630431929128,0.1758203296450631,-0.059892103075980974,0.152072697877884,3.6436050623673935,2.619825847320706,10.790409646975816
Poland,2003,0,9.762205737040182,0.1514734869295271,-0.05798527598381001,0.157806575298309,3.64292776266654,2.6084147386059136,10.796718761100808
Poland,2004,0,9.81752564857876,0.09314424312768743,-0.06596587598323903,0.181593596935272,3.641986254568875,2.6191334761539076,10.840378426993729
Poland,2005,0,9.832761284161325,0.06284963474229954,-0.050812125205992986,0.189033761620522,3.640853946270326,2.639830392476164,10.833784837955488
Poland,2006,0,9.891046097630419,0.06043516216912792,-0.06601440906524603,0.198590934276581,3.6394572239828937,2.670491502237246,10.860011819376068
Poland,2007,0,9.988113481039292,0.0662496570495783,-0.08075529336929399,0.213416337966919,3.6381234101183875,2.7135579244108308,10.91267896674685
Poland,2008,0,10.02918240867556,0.08904092616588066,-0.105954200029373,0.21291971206665,3.6374783118057445,2.750215043598407,10.916445676882898
Poland,2009,0,10.094762536728142,0.3298108685350094,-0.056458264589309026,0.174793466925621,3.6376428686447206,2.7444302157148437,10.98797518965802
Poland,2010,0,10.154508778341658,0.37360721974183164,-0.05889528989791898,0.180189415812492,3.6400922536901126,2.7315059631389382,11.063095068892832
Poland,2011,0,10.240611304884608,0.44059553179051214,-0.06536677479743996,0.183744445443153,3.6430617465648805,2.739892853778146,11.143780197671342
Poland,2012,0,10.26296104029042,0.48871241141314314,-0.05103209614753701,0.177909418940544,3.6440878201570017,2.741844077150759,11.165204783296664
Poland,2013,0,10.255948107525045,0.5358204928578445,-0.03694513440132102,0.165904209017754,3.6443856747513186,2.7421473640361986,11.158186418240165
Slovakia,1990,0,9.977013052913453,-0.07971880837193979,-0.0416726395487786,0.239298403263092,1.6612858729659403,0.8917323470874197,10.746566578791972
Slovakia,1991,0,9.747554275201079,-0.19431231721540065,-0.013555251061916296,0.223634794354439,1.6648487779783958,0.8147378670975123,10.597665186081963
Slovakia,1992,0,9.676194285693748,-0.06227122032506216,-0.018130257725715998,0.187109440565109,1.6689204234667117,0.748272069440103,10.596842639720357
Slovakia,1993,0,9.674914805551643,0.0025685999087894373,-0.018478959798811978,0.172833830118179,1.6726680780477337,0.7486147449132052,10.598968138686171
Slovakia,1994,0,9.723344989764932,0.1808003870571735,0.004132568836211992,0.146845310926437,1.6758305261791906,0.7286734621191866,10.670502053824936
Slovakia,1995,0,9.770673562433068,0.08403022073790467,0.0034695565700530173,0.176402494311333,1.6778966146113592,0.7502609495243875,10.69830922752004
Slovakia,1996,0,9.780298509993179,-0.20526011043114778,-0.05139318108558599,0.240395918488503,1.6794168575905717,0.7704935201860809,10.689221847397668
Slovakia,1997,0,9.798919981964064,-0.18611177817318314,-0.056484699249267994,0.24175851047039,1.6807867531115175,0.7596630443559937,10.720043690719589
Slovakia,1998,0,9.792321562575749,-0.17188627438579118,-0.07883074879646301,0.237877637147903,1.6817206198051025,0.7545019380918027,10.719540244289048
Slovakia,1999,0,9.755731399919984,-0.05027064997927155,-0.047495007514953,0.206029430031776,1.6823358957035779,0.728571869069903,10.70949542655366
Slovakia,2000,0,9.791108184319564,0.07484198013437116,-0.040878206491471,0.188650250434876,1.6826881883000697,0.7082538553311478,10.765542517288486
Slovakia,2001,0,9.836713199084503,0.04371170892251186,-0.080244690179825,0.204487517476082,1.6825837218576818,0.7178206962212936,10.801476224720892
Slovakia,2002,0,9.876972306166094,0.1044692953448898,-0.08846265077590898,0.199810549616814,1.6822585420321408,0.7185889376617309,10.840641910536503
Slovakia,2003,0,9.903450876884659,0.1598402018303453,-0.06948348879814192,0.192106202244759,1.6819810608895929,0.7289500006454455,10.856481937128807
Slovakia,2004,0,9.946555031801,0.03292548919015914,-0.119340360164642,0.230161115527153,1.681951671648248,0.7260545214550685,10.902452181994178
Slovakia,2005,0,10.00211852076051,-0.07621478152252514,-0.11158376932144198,0.264838367700577,1.682073873138942,0.7413094937328023,10.94288290016665
Slovakia,2006,0,10.10052580721224,0.021815948731973123,-0.127100169658661,0.262492805719376,1.6821019569115356,0.7612287030820933,11.02139906104168
Slovakia,2007,0,10.234610467898767,0.09155920973690179,-0.10748738050460804,0.274362802505493,1.682130411850213,0.7809008366568763,11.135840043092104
Slovakia,2008,0,10.308962207544441,0.07410653035437953,-0.14558213949203502,0.291055381298065,1.6825247920216282,0.8112992200864746,11.180187779479596
Slovakia,2009,0,10.28754880857975,0.40747704383834105,-0.09280633926391602,0.215049356222153,1.6836308666910267,0.7904412229011919,11.180738452369585
Slovakia,2010,0,10.343778432773297,0.3305577531292698,-0.10884714126586892,0.246704876422882,1.6848887396970356,0.7741993563299293,11.254467816140401
Slovakia,2011,0,10.38703811128758,0.2977209108497849,-0.10736948251724299,0.260706275701523,1.6860487070558934,0.7988273048474228,11.274259513496052
Slovakia,2012,0,10.407505947643173,0.4691910730580169,-0.11031478643417403,0.227331310510635,1.687300584016346,0.7990806068907658,11.295725924768753
Slovakia,2013,0,10.38468119317242,0.38858089315584543,-0.11558729410171498,0.241244167089462,1.6883270935131176,0.7910524492767597,11.281955837408779
Slovenia,1990,0,10.078171769364548,0.13160481090519838,-0.016991913318633922,0.198390185832977,0.692150183723728,0.11736121072527989,10.652960742362998
Slovenia,1991,0,9.94423107481521,0.11991916640011802,0.009575963020324985,0.181564286351204,0.6927435991319154,0.03367804504481512,10.60329662890231
Slovenia,1992,0,9.88871024341595,0.0933134947429366,0.004766523838042991,0.182086586952209,0.6910745341114942,-0.024680125495255494,10.6044649030227
Slovenia,1993,0,9.951469087566602,0.0883565305430487,-0.055774986743927,0.200864523649216,0.6885420934039149,-0.05785485958990934,10.697866040560427
Slovenia,1994,0,10.018324497985446,0.11283492614094115,-0.05120250582695002,0.213382065296173,0.6872608902952119,-0.08460559532301738,10.790190983603676
Slovenia,1995,0,10.07838796506334,0.03775011811082507,-0.082800954580307,0.243771463632584,0.6871768938129552,-0.08810642598714953,10.853671284863445
Slovenia,1996,0,10.11452696109854,0.09709578671029107,-0.08488640189170799,0.241145297884941,0.6865217809913788,-0.10936131739236067,10.910410059482281
Slovenia,1997,0,10.142148702618188,0.05611123348893976,-0.075059473514557,0.258400082588196,0.6853155935829307,-0.12720054878250023,10.95466484498362
Slovenia,1998,0,10.157269730726368,0.0014022887890146052,-0.07456669211387595,0.273786962032318,0.6831291674163827,-0.128439902626792,10.968838800769543
Slovenia,1999,0,10.190753415621526,-0.10637624346784058,-0.09924820065498302,0.303327143192291,0.6836996932597643,-0.11326801438751137,10.987721123268802
Slovenia,2000,0,10.20735628088529,-0.0989272574717841,-0.09539026021957403,0.303756147623062,0.6865333573694271,-0.09749762912181978,10.991387267376535
Slovenia,2001,0,10.231784058209882,0.008806027342627587,-0.08107215166091997,0.284731179475784,0.6879733191924398,-0.09163836890327107,11.011395746305594
Slovenia,2002,0,10.259950306452756,0.10647446228914781,-0.06744310259819103,0.26782900094986,0.6889242766390596,-0.07855336837811727,11.027427951469933
Slovenia,2003,0,10.270389393555984,0.015118610666885246,-0.08810615539550803,0.290921568870544,0.6893851128490616,-0.08236086409279109,11.042135370497837
Slovenia,2004,0,10.333512516364681,-0.12132857753800863,-0.12241798639297508,0.33456563949585,0.6899144609479292,-0.07683412229170919,11.100261099604321
Slovenia,2005,0,10.352834822143533,-0.17175425648208353,-0.12553966045379694,0.350830137729645,0.6916029889094765,-0.0817738824130328,11.126211693466043
Slovenia,2006,0,10.400226349076437,-0.19802186982571257,-0.15334939956665095,0.365665912628174,0.6947029696921632,-0.0665854832049132,11.161514801973514
Slovenia,2007,0,10.466548323288725,-0.2857260204217056,-0.18937122821807795,0.396426051855087,0.7002012420633554,-0.03359949218586516,11.200349057537945
Slovenia,2008,0,10.50793545718079,-0.24879960198043172,-0.20379012823104903,0.394545704126358,0.7056116749862057,-0.005022541076859281,11.218569673243856
Slovenia,2009,0,10.432357279441947,0.19001642452287015,-0.11257135868072499,0.283631980419159,0.7107945457700134,-0.026057888513993575,11.169209713725955
Slovenia,2010,0,10.42966291122725,0.2356604605309034,-0.13466238975524902,0.275903314352036,0.7152080404422074,-0.04641357308116682,11.191284524750625
Slovenia,2011,0,10.469320525918148,0.324185086394877,-0.13997191190719604,0.267357051372528,0.717256208263631,-0.06325290482194293,11.249829639003721
Slovenia,2012,0,10.451817209393031,0.4220567807839011,-0.12524056434631403,0.243109121918678,0.7194584823657731,-0.07214854264917578,11.24342423440798
Slovenia,2013,0,10.447563607661259,0.3249976794426015,-0.12007373571395796,0.265225529670715,0.7209768187557587,-0.08329588040261005,11.251836306819628
