Age Year,Area,mean schooling
1990,Cyprus,9.54625
1991,Cyprus,9.74325
1992,Cyprus,9.94025
1993,Cyprus,10.13725
1994,Cyprus,10.33425
1995,Cyprus,10.53125
1996,Cyprus,10.706
1997,Cyprus,10.880749999999999
1998,Cyprus,11.0555
1999,Cyprus,11.23025
2000,Cyprus,11.405
2001,Cyprus,11.549249999999999
2002,Cyprus,11.6935
2003,Cyprus,11.83775
2004,Cyprus,11.982000000000001
2005,Cyprus,12.12625
2006,Cyprus,12.249500000000001
2007,Cyprus,12.37275
2008,Cyprus,12.496
2009,Cyprus,12.61925
2010,Cyprus,12.7425
2011,Cyprus,12.77425
2012,Cyprus,12.806000000000001
2013,Cyprus,12.83775
2014,Cyprus,12.8695
2015,Cyprus,12.901250000000001
2016,Cyprus,12.95475
2017,Cyprus,13.00825
2018,Cyprus,13.06175
2019,Cyprus,13.11525
2020,Cyprus,13.16875
1990,Czechia,11.573749999999999
1991,Czechia,11.6115
1992,Czechia,11.649249999999999
1993,Czechia,11.687
1994,Czechia,11.724749999999998
1995,Czechia,11.7625
1996,Czechia,11.796249999999999
1997,Czechia,11.83
1998,Czechia,11.86375
1999,Czechia,11.8975
2000,Czechia,11.93125
2001,Czechia,11.96825
2002,Czechia,12.00525
2003,Czechia,12.04225
2004,Czechia,12.07925
2005,Czechia,12.116249999999999
2006,Czechia,12.16075
2007,Czechia,12.20525
2008,Czechia,12.24975
2009,Czechia,12.29425
2010,Czechia,12.338750000000001
2011,Czechia,12.476750000000001
2012,Czechia,12.61475
2013,Czechia,12.75275
2014,Czechia,12.89075
2015,Czechia,13.02875
2016,Czechia,13.077
2017,Czechia,13.12525
2018,Czechia,13.1735
2019,Czechia,13.22175
2020,Czechia,13.27
1990,Estonia,12.22125
1991,Estonia,12.291749999999999
1992,Estonia,12.36225
1993,Estonia,12.432749999999999
1994,Estonia,12.50325
1995,Estonia,12.573749999999999
1996,Estonia,12.620249999999999
1997,Estonia,12.666749999999999
1998,Estonia,12.71325
1999,Estonia,12.75975
2000,Estonia,12.80625
2001,Estonia,12.834
2002,Estonia,12.86175
2003,Estonia,12.8895
2004,Estonia,12.917250000000001
2005,Estonia,12.945
2006,Estonia,12.9535
2007,Estonia,12.962
2008,Estonia,12.970500000000001
2009,Estonia,12.979000000000001
2010,Estonia,12.9875
2011,Estonia,13.08
2012,Estonia,13.172500000000001
2013,Estonia,13.265
2014,Estonia,13.357500000000002
2015,Estonia,13.450000000000001
2016,Estonia,13.442
2017,Estonia,13.434000000000001
2018,Estonia,13.426
2019,Estonia,13.418000000000001
2020,Estonia,13.41
1990,Hungary,10.45125
1991,Hungary,10.54625
1992,Hungary,10.64125
1993,Hungary,10.73625
1994,Hungary,10.831249999999999
1995,Hungary,10.92625
1996,Hungary,11.01425
1997,Hungary,11.10225
1998,Hungary,11.19025
1999,Hungary,11.27825
2000,Hungary,11.36625
2001,Hungary,11.43975
2002,Hungary,11.513250000000001
2003,Hungary,11.58675
2004,Hungary,11.660250000000001
2005,Hungary,11.73375
2006,Hungary,11.780750000000001
2007,Hungary,11.82775
2008,Hungary,11.87475
2009,Hungary,11.92175
2010,Hungary,11.96875
2011,Hungary,12.066
2012,Hungary,12.16325
2013,Hungary,12.2605
2014,Hungary,12.35775
2015,Hungary,12.455
2016,Hungary,12.4895
2017,Hungary,12.524
2018,Hungary,12.5585
2019,Hungary,12.593
2020,Hungary,12.6275
1990,Latvia,11.73
1991,Latvia,11.78725
1992,Latvia,11.8445
1993,Latvia,11.90175
1994,Latvia,11.959
1995,Latvia,12.01625
1996,Latvia,12.06025
1997,Latvia,12.10425
1998,Latvia,12.148249999999999
1999,Latvia,12.19225
2000,Latvia,12.23625
2001,Latvia,12.26125
2002,Latvia,12.28625
2003,Latvia,12.31125
2004,Latvia,12.33625
2005,Latvia,12.36125
2006,Latvia,12.3745
2007,Latvia,12.38775
2008,Latvia,12.401
2009,Latvia,12.414250000000001
2010,Latvia,12.4275
2011,Latvia,12.481250000000001
2012,Latvia,12.535
2013,Latvia,12.588750000000001
2014,Latvia,12.6425
2015,Latvia,12.696250000000001
2016,Latvia,12.684750000000001
2017,Latvia,12.673250000000001
2018,Latvia,12.66175
2019,Latvia,12.65025
2020,Latvia,12.63875
1990,Lithuania,11.7125
1991,Lithuania,11.867
1992,Lithuania,12.0215
1993,Lithuania,12.176
1994,Lithuania,12.330499999999999
1995,Lithuania,12.485
1996,Lithuania,12.606499999999999
1997,Lithuania,12.728
1998,Lithuania,12.849499999999999
1999,Lithuania,12.971
2000,Lithuania,13.0925
2001,Lithuania,13.16175
2002,Lithuania,13.231
2003,Lithuania,13.300249999999998
2004,Lithuania,13.369499999999999
2005,Lithuania,13.438749999999999
2006,Lithuania,13.46825
2007,Lithuania,13.49775
2008,Lithuania,13.527249999999999
2009,Lithuania,13.55675
2010,Lithuania,13.58625
2011,Lithuania,13.597
2012,Lithuania,13.60775
2013,Lithuania,13.618500000000001
2014,Lithuania,13.62925
2015,Lithuania,13.64
2016,Lithuania,13.6355
2017,Lithuania,13.631
2018,Lithuania,13.6265
2019,Lithuania,13.622
2020,Lithuania,13.6175
1990,Malta,8.3275
1991,Malta,8.43975
1992,Malta,8.552
1993,Malta,8.664250000000001
1994,Malta,8.7765
1995,Malta,8.88875
1996,Malta,8.99425
1997,Malta,9.09975
1998,Malta,9.20525
1999,Malta,9.31075
2000,Malta,9.41625
2001,Malta,9.5125
2002,Malta,9.60875
2003,Malta,9.705
2004,Malta,9.801250000000001
2005,Malta,9.8975
2006,Malta,10.00275
2007,Malta,10.108
2008,Malta,10.21325
2009,Malta,10.3185
2010,Malta,10.42375
2011,Malta,10.518
2012,Malta,10.612250000000001
2013,Malta,10.7065
2014,Malta,10.80075
2015,Malta,10.895000000000001
2016,Malta,10.99825
2017,Malta,11.1015
2018,Malta,11.20475
2019,Malta,11.308
2020,Malta,11.411249999999999
1990,North Macedonia,6.54875
1991,North Macedonia,6.7505
1992,North Macedonia,6.95225
1993,North Macedonia,7.154
1994,North Macedonia,7.3557500000000005
1995,North Macedonia,7.5575
1996,North Macedonia,7.7375
1997,North Macedonia,7.9174999999999995
1998,North Macedonia,8.0975
1999,North Macedonia,8.2775
2000,North Macedonia,8.4575
2001,North Macedonia,8.61
2002,North Macedonia,8.7625
2003,North Macedonia,8.915000000000001
2004,North Macedonia,9.0675
2005,North Macedonia,9.22
2006,North Macedonia,9.3495
2007,North Macedonia,9.479000000000001
2008,North Macedonia,9.6085
2009,North Macedonia,9.738
2010,North Macedonia,9.8675
2011,North Macedonia,9.96475
2012,North Macedonia,10.062
2013,North Macedonia,10.15925
2014,North Macedonia,10.256499999999999
2015,North Macedonia,10.35375
2016,North Macedonia,10.44625
2017,North Macedonia,10.53875
2018,North Macedonia,10.63125
2019,North Macedonia,10.72375
2020,North Macedonia,10.81625
1990,Poland,11.125
1991,Poland,11.19375
1992,Poland,11.2625
1993,Poland,11.33125
1994,Poland,11.4
1995,Poland,11.46875
1996,Poland,11.53225
1997,Poland,11.59575
1998,Poland,11.65925
1999,Poland,11.722750000000001
2000,Poland,11.78625
2001,Poland,11.843
2002,Poland,11.899750000000001
2003,Poland,11.9565
2004,Poland,12.013250000000001
2005,Poland,12.07
2006,Poland,12.120000000000001
2007,Poland,12.17
2008,Poland,12.22
2009,Poland,12.27
2010,Poland,12.32
2011,Poland,12.47625
2012,Poland,12.6325
2013,Poland,12.78875
2014,Poland,12.945
2015,Poland,13.10125
2016,Poland,13.152750000000001
2017,Poland,13.20425
2018,Poland,13.25575
2019,Poland,13.30725
2020,Poland,13.35875
1990,Slovakia,11.42875
1991,Slovakia,11.48
1992,Slovakia,11.53125
1993,Slovakia,11.5825
1994,Slovakia,11.63375
1995,Slovakia,11.684999999999999
1996,Slovakia,11.7305
1997,Slovakia,11.776
1998,Slovakia,11.821499999999999
1999,Slovakia,11.866999999999999
2000,Slovakia,11.9125
2001,Slovakia,11.959249999999999
2002,Slovakia,12.006
2003,Slovakia,12.05275
2004,Slovakia,12.0995
2005,Slovakia,12.14625
2006,Slovakia,12.1965
2007,Slovakia,12.24675
2008,Slovakia,12.296999999999999
2009,Slovakia,12.347249999999999
2010,Slovakia,12.397499999999999
2011,Slovakia,12.565499999999998
2012,Slovakia,12.7335
2013,Slovakia,12.901499999999999
2014,Slovakia,13.0695
2015,Slovakia,13.237499999999999
2016,Slovakia,13.296499999999998
2017,Slovakia,13.3555
2018,Slovakia,13.414499999999999
2019,Slovakia,13.4735
2020,Slovakia,13.532499999999999
1990,Slovenia,10.8375
1991,Slovenia,10.876000000000001
1992,Slovenia,10.9145
1993,Slovenia,10.953000000000001
1994,Slovenia,10.9915
1995,Slovenia,11.030000000000001
1996,Slovenia,11.07
1997,Slovenia,11.110000000000001
1998,Slovenia,11.15
1999,Slovenia,11.190000000000001
2000,Slovenia,11.23
2001,Slovenia,11.27425
2002,Slovenia,11.3185
2003,Slovenia,11.36275
2004,Slovenia,11.407
2005,Slovenia,11.45125
2006,Slovenia,11.50475
2007,Slovenia,11.55825
2008,Slovenia,11.61175
2009,Slovenia,11.66525
2010,Slovenia,11.71875
2011,Slovenia,11.80375
2012,Slovenia,11.88875
2013,Slovenia,11.97375
2014,Slovenia,12.05875
2015,Slovenia,12.14375
2016,Slovenia,12.2035
2017,Slovenia,12.26325
2018,Slovenia,12.323
2019,Slovenia,12.38275
2020,Slovenia,12.442499999999999
