unit,time,treated,Y,Y_resid,gdp_pc_level,trade_open,inv_share,log_pop,log_emp,log_gdp_emp,gdp_pc_growth
Cyprus,1995,0,10.233092435414225,-0.006322087013083788,27808.372834063317,-0.318772822618485,0.325867533683777,-0.42970657248119876,-1.3922709211711242,11.19565678410415,
Cyprus,1996,0,10.225826275675294,0.051637908542920385,27607.045080571945,-0.3426358550786981,0.293995171785355,-0.41415273650572987,-1.3873523666133307,11.199025905782895,-0.007266159738930966
Cyprus,1997,0,10.232919203228109,0.10201222588397485,27803.55594607697,-0.325950801372528,0.289164692163467,-0.39988072981426376,-1.3811818106836724,11.214220284097516,0.007092927552815098
Cyprus,1998,0,10.277750831428762,0.21511873054984143,29078.397729783475,-0.36924222111702,0.239750519394875,-0.38728143767453577,-1.365331537700198,11.255800931454424,0.04483162820065267
Cyprus,1999,0,10.322633062239309,0.26513014297176696,30413.232194238055,-0.342273160815239,0.247087314724922,-0.3762947308083845,-1.3472331397893078,11.29357147122023,0.044882230810546986
Cyprus,2000,0,10.379443420033343,0.3629132053619042,32191.039616673876,-0.322178311645985,0.237954944372177,-0.36585985351580497,-1.3309710490547708,11.34455461557231,0.05681035779403487
Cyprus,2001,0,10.425615703059607,0.4163706658863422,33712.221387958074,-0.338457740843296,0.221522137522697,-0.35481952343927226,-1.3092755537135803,11.380071733333915,0.04617228302626408
Cyprus,2002,0,10.426292354714962,0.2581162892569804,33735.04053780299,-0.3797897845506665,0.257352918386459,-0.3430538479867673,-1.2882851140641987,11.371523620792392,0.0006766516553540214
Cyprus,2003,0,10.409836725861231,0.21637538507479093,33184.45179765991,-0.3961811438202856,0.247100979089737,-0.33151414828023257,-1.2535922042088545,11.331914781789854,-0.01645562885373053
Cyprus,2004,0,10.467353604561493,0.0006061583539214155,35149.075824541884,-0.46870085597038297,0.303338080644608,-0.31748170369030043,-1.2140030016384684,11.363874902509663,0.05751687870026245
Cyprus,2005,0,10.499429195693917,-0.052456608043288,36294.77954393127,-0.46718755364417996,0.325682550668716,-0.30308001463187767,-1.1783166929054774,11.374665873967515,0.03207559113242375
Cyprus,2006,0,10.554219844983177,-0.13502442515163082,38338.88157653819,-0.505752250552178,0.358212649822235,-0.286396232831324,-1.159954248839743,11.427777860991597,0.05479064928925936
Cyprus,2007,0,10.608027623253369,-0.21948374348513688,40458.32145184944,-0.5743132680654519,0.366076916456223,-0.26510551827287604,-1.1166203168128461,11.459542421793339,0.05380777827019223
Cyprus,2008,0,10.679287947871696,-0.32477571703107166,43446.60308918275,-0.6082174554467199,0.411762267351151,-0.23999473839821503,-1.081996383941044,11.521289593414526,0.07126032461832743
Cyprus,2009,0,10.660505681721396,0.1304218515838027,42638.193077960736,-0.4400220513343812,0.324531733989716,-0.21314990456750543,-1.0816825100257506,11.52903828717964,-0.018782266150299876
Cyprus,2010,0,10.65855937780684,0.0688366252081547,42555.28690234204,-0.47109180688858,0.341439217329025,-0.18699727092820403,-1.075506179040739,11.547068285919377,-0.001946303914555969
Cyprus,2011,0,10.585098783822755,0.1730518620184096,39541.21338647825,-0.475692421197891,0.281580299139023,-0.16148299567431784,-1.0727520430230515,11.496367831171488,-0.07346059398408578
Cyprus,2012,0,10.54757276696158,0.3802081064196372,38084.885141704624,-0.39561925828456906,0.252062350511551,-0.14624616961170764,-1.108883868924131,11.510210466274003,-0.03752601686117529
Cyprus,2013,0,10.433063334606247,0.5327695155447376,33964.234878412404,-0.34556119143962805,0.20170234143734,-0.14858121811238975,-1.1664112002837748,11.450893316777632,-0.11450943235533195
Czechia,1995,0,10.109441928671341,-0.09799335686023802,24573.942896082077,-0.02160248160362299,0.243919804692268,2.33331233855334,1.6336620449136987,10.809092222310982,
Czechia,1996,0,10.158427206604838,-0.13648669342073916,25807.674982284603,-0.04396450519561798,0.263281673192978,2.3317679022289806,1.6387775492653152,10.851417559568503,0.04898527793349672
Czechia,1997,0,10.137000943856629,-0.09999124911701607,25260.594828274683,-0.03986382484436002,0.246048286557198,2.3302052211042072,1.6313112148784485,10.835894950082388,-0.021426262748208913
Czechia,1998,0,10.132393842680756,-0.05188742598787144,25144.48438379469,-0.019820719957350963,0.243996039032936,2.3287815498533315,1.6132335715016413,10.847941821032446,-0.004607101175873041
Czechia,1999,0,10.12651844191782,-0.019232784543421033,24997.183610339995,-0.01896443963050798,0.239972665905952,2.3274121355726916,1.591265364527728,10.862665212962783,-0.005875400762935357
Czechia,2000,0,10.14326574339064,-0.01722219075000453,25419.34413807278,-0.020922273397445013,0.24835716187954,2.325989461520094,1.5825709204959353,10.886684284414798,0.016747301472818776
Czechia,2001,0,10.197310209999191,0.04249923091124863,26830.919388080616,-0.019348740577696977,0.245937138795853,2.3255138093703493,1.584141525212723,10.938682494156819,0.054044466608552
Czechia,2002,0,10.204578517899385,0.027103065995358833,27026.645207543985,-0.03187787532806402,0.244210094213486,2.3262496651367512,1.5934197049164704,10.937408478119666,0.00726830790019406
Czechia,2003,0,10.230611545645651,0.043162911158688644,27739.4688333747,-0.034140884876251,0.250937730073929,2.3271715536090323,1.5862855820968775,10.971497517157806,0.026033027746265702
Czechia,2004,0,10.276811928898772,0.05279495157675207,29051.10876143235,-0.03287640213966403,0.26677080988884,2.3283941552931733,1.5850948223794046,11.02011126181254,0.04620038325312059
Czechia,2005,0,10.296494434070812,0.05993318996957697,29628.57167592739,-0.015379786491394043,0.271800458431244,2.3302151431847467,1.6034858045639193,11.02322377269164,0.01968250517204062
Czechia,2006,0,10.350943838650563,0.058606643293002136,31286.55835148382,-0.01740086078643799,0.287047535181046,2.3325892329512317,1.616069185728712,11.067463885873083,0.054449404579751004
Czechia,2007,0,10.440239427208313,0.06471532910487632,34208.84198498618,-0.02050304412841808,0.309758722782135,2.335782219954218,1.6344818806472756,11.141539766515255,0.08929558855775
Czechia,2008,0,10.433955875570218,-0.04224653397350764,33994.56288183065,-0.05192029476165705,0.327301234006882,2.3397163169922,1.6496523005239503,11.124019892038469,-0.00628355163809502
Czechia,2009,0,10.435159383673826,0.14898016936238356,34035.500243019254,-0.030060946941374955,0.276983827352524,2.3438215616080456,1.6296258434125914,11.14935510186928,0.0012035081036074757
Czechia,2010,0,10.441309005896274,0.16890665662147164,34245.45060772446,-0.04012000560760498,0.273079186677933,2.3479441395104725,1.620897817846425,11.16835532756032,0.006149622222448414
Czechia,2011,0,10.48988967582429,0.20590037894902657,35950.190991177085,-0.041512846946717086,0.278290778398514,2.3509476419395945,1.6208364391826193,11.220000878581265,0.04858066992801646
Czechia,2012,0,10.489289100036464,0.19771144591468648,35928.606659062454,-0.03593879938125599,0.281768977642059,2.3520735847046037,1.6262166394630544,11.215146045278013,-0.0006005757878266849
Czechia,2013,0,10.488907383060049,0.22680989484755365,35914.89471716878,-0.033063769340515026,0.269786953926086,2.3524378352844812,1.6306898966437149,11.210655321700816,-0.00038171697641509184
Estonia,1995,0,9.346914149867757,-0.3512922277548558,11463.394491635674,-0.080566316843033,0.141722127795219,0.37347689724177496,-0.45201427083912504,10.172405317948657,
Estonia,1996,0,9.410124911011433,-0.3345983051271535,12211.396218923628,-0.09092247486114502,0.158828273415566,0.36092161405739964,-0.4724231646800733,10.243469689748904,0.06321076114367585
Estonia,1997,0,9.490566879494619,-0.38999919116354675,13234.295451323816,-0.11604285240173307,0.191949009895325,0.3517098381760101,-0.46759307337894174,10.30986979104957,0.08044196848318563
Estonia,1998,0,9.530566473357515,-0.3612967756235399,13774.391700290462,-0.10365748405456598,0.207423284649849,0.3444425321184703,-0.48455786361764164,10.359566869093626,0.03999959386289653
Estonia,1999,0,9.547180491646516,-0.1404230620228617,14005.151310169438,-0.056829631328582986,0.169892966747284,0.33902469062289364,-0.5255863005903203,10.41179148285973,0.01661401828900111
Estonia,2000,0,9.625132768175815,-0.08526118728541832,15140.56384203044,-0.041735559701919,0.18983893096447,0.33432493281367864,-0.5376065331948137,10.497064234184307,0.07795227652929881
Estonia,2001,0,9.68029485852043,-0.11296873141312602,15999.213736095913,-0.05530270934105003,0.209317728877068,0.3279870533435203,-0.5321665360769797,10.54044844794093,0.05516209034461461
Estonia,2002,0,9.752737727838328,-0.14248577124135053,17201.256764544905,-0.08690312504768394,0.229964569211006,0.321673995043888,-0.5320216275857266,10.606433350467944,0.07244286931789823
Estonia,2003,0,9.8135839155678,-0.27163024593999197,18280.385173888466,-0.117925465106964,0.274313002824783,0.31543098540418324,-0.5110635342017326,10.640078435173717,0.06084618772947259
Estonia,2004,0,9.89980952224895,-0.2780963569207824,19926.574507623234,-0.14438045024871793,0.295894354581833,0.30945041352490565,-0.514552146756577,10.723812082530431,0.08622560668114865
Estonia,2005,0,9.986441332295986,-0.21418971377261364,21729.831789709988,-0.108123898506164,0.308576166629791,0.30368927091756914,-0.4924220729560848,10.78255267616964,0.08663181004703624
Estonia,2006,0,10.098139235230308,-0.4232606647213739,24297.75492712788,-0.163623929023742,0.377875208854675,0.2977908066000688,-0.4445914143447808,10.840521456175157,0.11169790293432236
Estonia,2007,0,10.23228041837444,-0.3465434209388487,27785.801127018993,-0.161449313163758,0.397292971611023,0.29319559501351644,-0.4415218365638087,10.966997849951765,0.13414118314413237
Estonia,2008,0,10.240748444329785,-0.17647769544495517,28022.09105479577,-0.14671039581298895,0.341865539550781,0.2904836443817413,-0.4429034936012356,10.974135582312764,0.008468025955345126
Estonia,2009,0,10.1366825156923,0.3030944486807492,25252.55242396563,-0.024058341979980025,0.230675160884857,0.28857767128339423,-0.5503832075805181,10.975643394556212,-0.10406592863748543
Estonia,2010,0,10.179318342016952,0.3923428622978449,26352.49778342827,-0.020982205867768,0.238830372691154,0.2862670718103984,-0.6015918514093782,11.067177265236728,0.042635826324652015
Estonia,2011,0,10.330325739494063,0.3048153490690435,30648.093571967773,-0.048422217369078924,0.283979177474976,0.28319050042753985,-0.5385185516576485,11.15203479157925,0.15100739747711067
Estonia,2012,0,10.385040861230625,0.18109393757247716,32371.732304576686,-0.08729565143585205,0.323808193206787,0.2796115935691929,-0.5225675227581847,11.187219977558003,0.05471512173656201
Estonia,2013,0,10.391925923428568,0.26538958350766606,32595.382735016337,-0.06742674112319991,0.29581817984581,0.27605397743911636,-0.5099571242457995,11.177937025113483,0.00688506219794327
Hungary,1995,0,9.705914391105457,0.04882274446415025,16414.401867499364,-0.018262401223182984,0.169947817921639,2.334353878606875,1.3635128220701265,10.676755447642206,
Hungary,1996,0,9.736618340054868,0.07417126550476283,16926.205818446193,-0.01714655756950395,0.17265622317791,2.332360861987864,1.3614289203588772,10.707550281683854,0.03070394894941053
Hungary,1997,0,9.767667740685184,0.06736296271585651,17459.998451151238,-0.022854626178740955,0.178269699215889,2.33006425856134,1.3715174927468372,10.726214506499687,0.031049400630315915
Hungary,1998,0,9.794362120470536,0.0116124412520211,17932.358916072302,-0.03710195422172602,0.19733914732933,2.327445203750938,1.3802788250466997,10.741528499174773,0.026694379785352496
Hungary,1999,0,9.826489043585243,0.031753284202677534,18517.824683095434,-0.046847909688949974,0.186129510402679,2.324326623715281,1.3994060441579865,10.751409623142537,0.03212692311470633
Hungary,2000,0,9.86777773983177,0.032988094335113516,19298.40520921241,-0.04771170020103399,0.196587815880775,2.3214657267573338,1.4057072430194666,10.783536223569635,0.04128869624652687
Hungary,2001,0,9.969057335926706,0.10761663212419847,21355.344942650954,-0.048186212778091986,0.204393342137337,2.3191166900245896,1.4078879454687945,10.880286080482502,0.10127959609493686
Hungary,2002,0,10.022071051821309,0.16399521483431734,22518.0176419194,-0.05820515751838701,0.197466284036636,2.316336704667471,1.4067369888805776,10.931670767608203,0.05301371589460224
Hungary,2003,0,10.024088113019417,0.09137537107308802,22563.48370005905,-0.07926157116889998,0.204776808619499,2.313422456060365,1.4260633646110183,10.911447204468763,0.002017061198108294
Hungary,2004,0,10.04643126200408,-0.03908820018783565,23073.29718858937,-0.11425709724426303,0.249966636300087,2.3111276016472506,1.416644117758431,10.940914745892899,0.02234314898466394
Hungary,2005,0,10.05651906563479,0.02326433260566141,23307.234050448125,-0.09091931581497203,0.243939787149429,2.309134200695362,1.4095332855507543,10.956119980779397,0.010087803630709047
Hungary,2006,0,10.102284950614262,0.05059694289068162,24398.69559459193,-0.08461290597915605,0.248918995261192,2.30756696284721,1.4184193211903784,10.991432592271092,0.045765884979472204
Hungary,2007,0,10.136622721846306,0.10321979118353575,25251.04252187694,-0.0797641873359679,0.246530592441559,2.3059874982431396,1.412420039948538,11.030190180140908,0.03433777123204429
Hungary,2008,0,10.178587174201517,0.10780948334843288,26333.236727582866,-0.09606426954269398,0.262123286724091,2.304249407254405,1.3923754156901649,11.090461165765758,0.04196445235521118
Hungary,2009,0,10.189321975067156,0.311181785660791,26617.441491562462,-0.048359155654907005,0.220129624009132,2.302722883500498,1.3736913866795146,11.118353471888138,0.01073480086563805
Hungary,2010,0,10.225649140445958,0.37847788802905313,27602.15533339633,-0.03896391391754206,0.215822204947472,2.3004958119656296,1.3656319428177117,11.160513009593876,0.036327165378802206
Hungary,2011,0,10.25235322206144,0.3808296253990786,28349.175392864912,-0.04648602008819602,0.220638632774353,2.297238425004812,1.3642769517084672,11.185314695357786,0.026704081615482878
Hungary,2012,0,10.252528314701312,0.33098900209975923,28354.139559404448,-0.05119103193283103,0.230033785104752,2.2942124399524895,1.3764329457147948,11.170307808939008,0.00017509263987136592
Hungary,2013,0,10.265059440761334,0.274748486914552,28711.684397532455,-0.05319923162460294,0.246043786406517,2.291458016046692,1.3926545310951792,11.163862925712847,0.012531126060022046
Latvia,1995,0,9.182641427780055,-0.18947328158708032,9726.811540331277,-0.047588557004929005,0.0941603481769562,0.9106544779947396,-0.07014790569505389,10.16344381146985,
Latvia,1996,0,9.180360990135654,-0.31889953897561796,9704.655425555504,-0.08111973106861098,0.11855486035347,0.8993093610885584,-0.06478542610746858,10.14445577733168,-0.002280437644401445
Latvia,1997,0,9.241958090545543,-0.3557850546379271,10321.228684720028,-0.10122701525688199,0.120183728635311,0.8892200038073876,-0.02163318802110094,10.152811282374032,0.061597100409889194
Latvia,1998,0,9.33348867728595,-0.4056073442428527,11310.52149549064,-0.13002648949623102,0.157682731747627,0.8797134657341303,-0.02519552506996146,10.238397668090043,0.09153058674040793
Latvia,1999,0,9.400878262231075,-0.2804313415012665,12099.002161965633,-0.11160080134868602,0.149690330028534,0.8716372398663974,-0.04313337262377669,10.31564887472125,0.06738958494512381
Latvia,2000,0,9.440762399213575,-0.24762358545498664,12591.312855131478,-0.11375989019870797,0.164072945713997,0.8621778873409319,-0.07743321661167442,10.380373503166181,0.039884136982500706
Latvia,2001,0,9.509519824277294,-0.3146946640969688,13487.516383423264,-0.12555551528930697,0.196411669254303,0.8494245972782404,-0.061354001566400154,10.420298423121935,0.06875742506371907
Latvia,2002,0,9.591174524607712,-0.2989640206817903,14635.048668505993,-0.15380056202411602,0.195156708359718,0.8378322020613284,-0.04678351423077179,10.475790240899814,0.081654700330418
Latvia,2003,0,9.621104390040006,-0.41800572316478757,15079.694610141441,-0.183122724294662,0.230331942439079,0.8281080509940558,-0.04057561927162838,10.48978806030569,0.029929865432293923
Latvia,2004,0,9.685957178018644,-0.5236456865753834,16090.063363063085,-0.21188151836395297,0.275317698717117,0.8172100125114078,-0.03800804598331282,10.541175236513363,0.06485278797863714
Latvia,2005,0,9.765973213933917,-0.5952814538189681,17430.437070047825,-0.24003285169601402,0.310285270214081,0.8063794326459864,-0.029224526724588647,10.601577173304491,0.08001603591527306
Latvia,2006,0,9.876539629068969,-0.77466865542468,19468.238642457614,-0.30461573600769104,0.357768177986145,0.7970710647567965,0.026462530294794475,10.64714816353097,0.11056641513505205
Latvia,2007,0,10.023569943170196,-0.7833424357909582,22551.79501173677,-0.342509210109711,0.376519680023193,0.7888100254433574,0.06363627360745651,10.748743695006096,0.1470303141012277
Latvia,2008,0,10.060662767202091,-0.653884143748872,23404.012645043353,-0.31038898229599005,0.356012493371964,0.7782743251648185,0.0552481888732022,10.783688903493706,0.03709282403189462
Latvia,2009,0,9.94976291130683,-0.04301795721741897,20947.255435581825,-0.14460813999175998,0.229708775877953,0.7617600465206084,-0.09956163058441356,10.811084588411852,-0.1108998558952603
Latvia,2010,0,9.975633095446023,0.07892494447175125,21496.235278246917,-0.156804829835892,0.211434721946716,0.7409039538220147,-0.1682744484083682,10.884811497676406,0.025870184139192176
Latvia,2011,0,10.059247438336469,-0.10010126746545112,23370.91170026229,-0.206788271665573,0.271630853414536,0.7226773416146357,-0.15304054383270238,10.934965323783807,0.08361434289044567
Latvia,2012,0,10.122967399016611,-0.08557855381281954,24908.574958604328,-0.19966629147529596,0.281017482280731,0.7103154586502832,-0.13870611193981905,10.971988969606713,0.0637199606801424
Latvia,2013,0,10.14059557531139,-0.04398405000134531,25351.56075354817,-0.20185664296150208,0.254510641098022,0.6996311143552011,-0.1163241665062692,10.95655085617286,0.017628176294779863
Lithuania,1995,0,9.234083665547754,-0.3315752511961314,10240.27409727993,-0.055284827947616993,0.0950074568390846,1.288416337224101,0.4240613392711751,10.09843866350068,
Lithuania,1996,0,9.304795460165714,-0.3506403372926705,10990.598012590455,-0.071474969387055,0.113302625715733,1.2808535644618533,0.43344877143803695,10.15220025318953,0.07071179461796007
Lithuania,1997,0,9.389513602093096,-0.38758856432595934,11962.279489277606,-0.08984681963920599,0.14453113079071,1.2735200421234856,0.4395462946969792,10.223487349519603,0.08471814192738236
Lithuania,1998,0,9.460280857612885,-0.37698108335748337,12839.490010065474,-0.10489216446876504,0.160787582397461,1.2663195189595828,0.4317472475185281,10.29485312905394,0.07076725551978846
Lithuania,1999,0,9.489977972001586,-0.20851515184508784,13226.503970023568,-0.07040722668170898,0.13218492269516,1.2592847979140174,0.409536547790437,10.339726222125167,0.029697114388701706
Lithuania,2000,0,9.552447935119948,-0.01564496641678126,14079.117287814372,-0.032714813947678,0.118678949773312,1.2528778190426484,0.367315414175701,10.438010339986896,0.06246996311836206
Lithuania,2001,0,9.630032368163018,0.06327674550076878,15214.928578400715,-0.03415811061859103,0.132479771971703,1.2450199255032834,0.3299284042185238,10.54512388944778,0.07758443304306972
Lithuania,2002,0,9.699815043389362,0.006579379991135781,16314.589427781246,-0.06966903805732699,0.142245605587959,1.236648104462422,0.36485894851493117,10.571604199336853,0.06978267522634418
Lithuania,2003,0,9.784824223412267,0.007484832450590062,17762.13500226043,-0.07200449705123901,0.15817828476429,1.2282588952731899,0.3873810454621374,10.62570207322332,0.08500918002290447
Lithuania,2004,0,9.832699457478965,-0.06161631193446304,18633.18588842239,-0.11789053678512601,0.180897057056427,1.2168986050649,0.3761981313323171,10.673399931211547,0.047875234066697914
Lithuania,2005,0,9.886811129515614,-0.0908213224807195,19669.237175458416,-0.12551116943359403,0.197706326842308,1.200646177232585,0.3838102568602387,10.703647049887959,0.05411167203664924
Lithuania,2006,0,9.971327717243463,-0.1316673881581938,21403.88479996379,-0.15688210725784302,0.224371090531349,1.1847312675890036,0.3810879629398345,10.774971021892632,0.08451658772784931
Lithuania,2007,0,10.101073740583498,-0.30481869910954096,24369.161539332803,-0.22499883174896196,0.291665583848953,1.1729074337800711,0.4013125448157859,10.872668629547782,0.1297460233400347
Lithuania,2008,0,10.153611943795635,-0.20487023618675337,25683.7029632191,-0.24445647001266502,0.265691041946411,1.1626760096059034,0.3881938306298112,10.928094122771727,0.05253820321213709
Lithuania,2009,0,10.036884041716045,0.33737384466395426,22854.059557816097,-0.09690856933593806,0.119431003928185,1.151601244608684,0.3087004316415955,10.879784854683134,-0.1167279020795906
Lithuania,2010,0,10.108789310954293,0.25244125770852754,24557.910737574734,-0.12200498580932706,0.184843525290489,1.1306663570191806,0.25414119947655606,10.985314468496917,0.07190526923824869
Lithuania,2011,0,10.247865702878153,0.25616326102155185,28222.24294337198,-0.13380080461502097,0.217689692974091,1.1081143342379611,0.2596355673173228,11.09634446979879,0.1390763919238598
Lithuania,2012,0,10.320228591566417,0.38058728035100664,30340.192315672073,-0.09341096878051702,0.201987490057945,1.0947143683042764,0.2779584647786927,11.136984495092001,0.07236288868826435
Lithuania,2013,0,10.346541208784988,0.3564414097565667,31149.11798682378,-0.09977686405181896,0.207049876451492,1.0846350607372501,0.29085735094632664,11.140318918575911,0.026312617218570367
Malta,1995,0,9.98903348869683,-0.2249676827252607,21786.231979749056,-0.355444252490998,0.3206966817379,-0.9556814594790742,-1.9315172288560152,10.96486925807377,
Malta,1996,0,9.986947465004492,-0.2837704213351291,21740.832752067723,-0.40313380956649797,0.306822121143341,-0.9477194813778153,-1.8994362793173887,10.938664262944066,-0.0020860236923372355
Malta,1997,0,10.078987553469199,-0.021519293523365235,23836.839795266704,-0.31217730045318604,0.280490189790726,-0.9398690280457394,-1.8811091588535593,11.02022768427702,0.09204008846470657
Malta,1998,0,10.13479595072195,0.0584084630518209,25204.956753429633,-0.302683562040329,0.27547299861908,-0.9319781383188627,-1.8728931568236062,11.075710969226693,0.05580839725275055
Malta,1999,0,10.202192659795504,0.13730840998342764,26962.24032805772,-0.31263440847396906,0.260057181119919,-0.9240986343667988,-1.8532480273994305,11.131342052828135,0.0673967090735541
Malta,2000,0,10.248412136347582,0.3044484179282545,28237.66873569937,-0.214861869812012,0.261330366134644,-0.9165532663333106,-1.8458756171744723,11.177734487188744,0.046219476552078476
Malta,2001,0,10.236680360833438,0.3287802220971354,27908.326407578257,-0.275652706623077,0.221709638834,-0.9093548408730426,-1.8470610545758501,11.174386574536246,-0.011731775514144616
Malta,2002,0,10.264316104841308,0.4646260661610331,28690.349901526264,-0.25136554241180403,0.188680797815323,-0.90247412234174,-1.8338834841298277,11.195725466629396,0.0276357440078705
Malta,2003,0,10.265717221066998,0.27585268012547637,28730.57659084674,-0.25672838091850303,0.253898948431015,-0.8959343363672705,-1.8173755649982897,11.187158449698018,0.0014011162256899468
Malta,2004,0,10.267424595218667,0.05543302611142309,28779.672335156207,-0.384948670864105,0.2790507376194,-0.8896536694887577,-1.816672084409348,11.194443010139258,0.0017073741516693275
Malta,2005,0,10.26530857876891,0.002534034258609097,28718.838460514853,-0.359834909439087,0.309659212827683,-0.8835331676359828,-1.8085559638306241,11.19033137496355,-0.002116016449758007
Malta,2006,0,10.283561462662663,0.18079477149141532,29247.853421347492,-0.358438104391098,0.241725519299507,-0.8783833808034036,-1.7893928680000788,11.194570949859338,0.018252883893753236
Malta,2007,0,10.341137810407183,0.16081871112028345,30981.260801252167,-0.35352262854576105,0.265152752399445,-0.874196746677155,-1.7679609711903002,11.234902034920328,0.05757634774452036
Malta,2008,0,10.39398335501523,0.10860002140678304,32662.51454090279,-0.415637522935867,0.266377449035645,-0.8699583474772657,-1.7465551728522875,11.270580180390251,0.052845544608047135
Malta,2009,0,10.419185180443964,0.29854312073277,33496.129721717225,-0.33427783846855097,0.244507417082787,-0.8656094997585077,-1.7456167151313446,11.299192395816801,0.02520182542873428
Malta,2010,0,10.482328089949947,0.18157882376422663,35679.37572163558,-0.40373501181602495,0.280936658382416,-0.8612084995861026,-1.743992661243235,11.36511225160708,0.06314290950598256
Malta,2011,0,10.471720182956004,0.23961827839970873,35302.89260173022,-0.43029117584228405,0.231516167521477,-0.8565417874689428,-1.719509459668291,11.334687855155352,-0.010607906993943317
Malta,2012,0,10.514889831669555,0.1433041104582884,36860.280153494634,-0.44998627901076993,0.269024670124054,-0.8518826879983715,-1.7023135634148805,11.365320707086063,0.04316964871355111
Malta,2013,0,10.53966112960966,0.13150576232336597,37784.760147431916,-0.46691405773162387,0.259207785129547,-0.8475765658886406,-1.6671552303966108,11.35923979411763,0.024771297940105796
North Macedonia,1995,0,8.817635285679604,-0.5857119329075786,6752.27852171892,-0.07760518789291401,0.142321735620499,0.6924139117840955,-0.3768042495268749,9.886853446990575,
North Macedonia,1996,0,8.824234226732921,-0.4997567525898816,6796.983751017986,-0.08326536417007402,0.13608293235302,0.6994040653675374,-0.4241787889938653,9.947817081094323,0.006598941053317375
North Macedonia,1997,0,8.841588490434281,-0.4274529305510981,6915.96987141831,-0.09048362076282498,0.142430528998375,0.705942470577298,-0.4799203054986006,10.027451266510178,0.017354263701360395
North Macedonia,1998,0,8.88653394188096,-0.3343079981184598,7233.902554111078,-0.08730264008045202,0.141647577285767,0.7117569398091022,-0.5067553317586315,10.105046213448695,0.044945451446679385
North Macedonia,1999,0,8.975384418295203,-0.17370967851610963,7906.056721314816,-0.059027373790740995,0.121406242251396,0.7169061867437418,-0.4888797411572174,10.181170346196161,0.08885047641424215
North Macedonia,2000,0,9.042291700889331,-0.12997970284617644,8453.126913960023,-0.073103427886962,0.132740005850792,0.7213715977600045,-0.5033044150567506,10.266967713706086,0.06690728259412815
North Macedonia,2001,0,9.080017656486284,-0.03194040036107637,8778.121016432262,-0.069409400224686,0.124258503317833,0.725760052244136,-0.5248924074517496,10.33067011618217,0.03772595559695269
North Macedonia,2002,0,9.082962656025472,-0.2125956902855961,8804.01068259625,-0.12022313475608798,0.150441884994507,0.7297124480591867,-0.48231947334905717,10.294994577433716,0.0029449995391885864
North Macedonia,2003,0,9.11899176120397,-0.1497989066346488,9126.994785628594,-0.11575087904930098,0.142252087593079,0.7330460291120483,-0.4789888640871526,10.331026654403171,0.036029105178498
North Macedonia,2004,1,9.146508519089446,-0.19074549145301134,9381.627356246894,-0.153957515954971,0.182150557637215,0.7355268412880469,-0.5411873088790744,10.423222669256567,0.027516757885475585
North Macedonia,2005,1,9.224415691923705,-0.1230522860803589,10141.748436578115,-0.128186225891113,0.17188723385334,0.7370717172150963,-0.4862070438539622,10.447694452992762,0.07790717283425863
North Macedonia,2006,1,9.277982588995403,-0.1873029646250597,10699.824184880288,-0.136361345648765,0.18779818713665,0.7367970129750749,-0.435864713953272,10.45064431592375,0.053566897071698705
North Macedonia,2007,1,9.363381204906519,-0.21790809973653502,11653.725635479248,-0.15870594978332597,0.203950211405754,0.7333155214952353,-0.4042601516054055,10.500956878007159,0.08539861591111553
North Macedonia,2008,1,9.439426045824703,-0.4063393446833814,12574.4976495581,-0.21888107061386097,0.235219150781631,0.7279514246861751,-0.3277140811079773,10.495091551618856,0.07604484091818442
North Macedonia,2009,1,9.504077181646736,-0.32448649690427267,13414.30805587356,-0.177382588386536,0.224229529500008,0.7229967172331678,-0.28304558265781,10.510119481537712,0.0646511358220323
North Macedonia,2010,1,9.537757100109834,-0.19278512946872794,13873.795168059545,-0.15820904076099399,0.211279824376106,0.7185736701381769,-0.3177804923638745,10.574111262611886,0.0336799184630987
North Macedonia,2011,1,9.540637941183329,-0.3120086117514429,13913.820993363704,-0.18600955605506897,0.235410958528519,0.7131684114116071,-0.3045755747626585,10.558381927357594,0.002880841073494622
North Macedonia,2012,1,9.567253012772518,-0.37826291018619074,14289.110358710574,-0.191936314105987,0.260490030050278,0.7066994325413167,-0.2953056435838984,10.569258088897733,0.0266150715891893
North Macedonia,2013,1,9.59212537760962,-0.4095613287198212,14648.971066493483,-0.18424764275550798,0.256936460733414,0.6997652328615207,-0.24412038035312875,10.536010990824268,0.024872364837101202
Poland,1995,0,9.468995977316746,-0.3023191463267825,12951.876722923205,-0.025811582803725988,0.161710813641548,3.6471369058056955,2.6937595536871717,10.422373329435269,
Poland,1996,0,9.533923511882236,-0.3313733245700998,13820.710567493754,-0.054310008883475994,0.178078010678291,3.646993638728535,2.705162952393138,10.475754198217633,0.06492753456548961
Poland,1997,0,9.59116894183925,-0.34161090385760495,14634.9669646459,-0.067858248949051,0.190334156155586,3.646710459045641,2.718935174282087,10.518944226602803,0.05724542995701398
Poland,1998,0,9.643572653201735,-0.33888386131042303,15422.344111976807,-0.074276991188526,0.20036768913269,3.646139919162586,2.730187923446899,10.559524648917423,0.05240371136248534
Poland,1999,0,9.692532095464859,-0.23681134040521457,16196.202747863264,-0.068006195127964,0.199488610029221,3.6451290353167787,2.696382925238678,10.64127820554296,0.048959442263123876
Poland,2000,0,9.715551911562683,-0.17380840533920328,16573.360755695183,-0.064950160682201,0.196958720684052,3.6443545445497447,2.6730263673661607,10.686880088746266,0.023019816097823664
Poland,2001,0,9.738640773874824,-0.04181758937095026,16960.472588994842,-0.058561950922012995,0.169428423047066,3.6440744598459496,2.6504639784440607,10.732251255276712,0.023088862312141245
Poland,2002,0,9.766630431929128,0.06903879062459772,17441.89643219168,-0.059892103075980974,0.152072697877884,3.6436050623673935,2.619825847320706,10.790409646975816,0.0279896580543042
Poland,2003,0,9.762205737040182,0.06615963613127107,17364.891848720552,-0.05798527598381001,0.157806575298309,3.64292776266654,2.6084147386059136,10.796718761100808,-0.00442469488894659
Poland,2004,0,9.81752564857876,0.03423959622096717,18352.58377189935,-0.06596587598323903,0.181593596935272,3.641986254568875,2.6191334761539076,10.840378426993729,0.05531991153857874
Poland,2005,0,9.832761284161325,0.02104413844693198,18634.337952101465,-0.050812125205992986,0.189033761620522,3.640853946270326,2.639830392476164,10.833784837955488,0.01523563558256491
Poland,2006,0,9.891046097630419,-0.006615426141836522,19752.71240043679,-0.06601440906524603,0.198590934276581,3.6394572239828937,2.670491502237246,10.860011819376068,0.05828481346909342
Poland,2007,0,9.988113481039292,-0.024718426118900183,21766.1976967588,-0.08075529336929399,0.213416337966919,3.6381234101183875,2.7135579244108308,10.91267896674685,0.09706738340887355
Poland,2008,0,10.02918240867556,-0.06304951213775212,22678.72203691861,-0.105954200029373,0.21291971206665,3.6374783118057445,2.750215043598407,10.916445676882898,0.04106892763626746
Poland,2009,0,10.094762536728142,0.17263476362820818,24215.847101302545,-0.056458264589309026,0.174793466925621,3.6376428686447206,2.7444302157148437,10.98797518965802,0.06558012805258251
Poland,2010,0,10.154508778341658,0.2350734038846074,25706.747327252608,-0.05889528989791898,0.180189415812492,3.6400922536901126,2.7315059631389382,11.063095068892832,0.059746241613515494
Poland,2011,0,10.240611304884608,0.2963749388791026,28018.248384272636,-0.06536677479743996,0.183744445443153,3.6430617465648805,2.739892853778146,11.143780197671342,0.08610252654295003
Poland,2012,0,10.26296104029042,0.35090098495007993,28651.498954137787,-0.05103209614753701,0.177909418940544,3.6440878201570017,2.741844077150759,11.165204783296664,0.022349735405812865
Poland,2013,0,10.255948107525045,0.3930723329517587,28451.27083214517,-0.03694513440132102,0.165904209017754,3.6443856747513186,2.7421473640361986,11.158186418240165,-0.0070129327653756235
Slovakia,1995,0,9.770673562433068,0.11979168917375915,17512.55904853349,0.0034695565700530173,0.176402494311333,1.6778966146113592,0.7502609495243875,10.69830922752004,
Slovakia,1996,0,9.780298509993179,-0.1316573462917212,17681.930298178362,-0.05139318108558599,0.240395918488503,1.6794168575905717,0.7704935201860809,10.689221847397668,0.009624947560110897
Slovakia,1997,0,9.798919981964064,-0.10727540237062883,18014.278671896926,-0.056484699249267994,0.24175851047039,1.6807867531115175,0.7596630443559937,10.720043690719589,0.01862147197088504
Slovakia,1998,0,9.792321562575749,-0.1243739775974877,17895.804208196925,-0.07883074879646301,0.237877637147903,1.6817206198051025,0.7545019380918027,10.719540244289048,-0.006598419388314625
Slovakia,1999,0,9.755731399919984,-0.0035372036031233733,17252.828843120176,-0.047495007514953,0.206029430031776,1.6823358957035779,0.728571869069903,10.70949542655366,-0.03659016265576476
Slovakia,2000,0,9.791108184319564,0.11244773730036783,17874.102997045167,-0.040878206491471,0.188650250434876,1.6826881883000697,0.7082538553311478,10.765542517288486,0.035376784399579364
Slovakia,2001,0,9.836713199084503,0.05404222876506104,18708.12497432352,-0.080244690179825,0.204487517476082,1.6825837218576818,0.7178206962212936,10.801476224720892,0.04560501476493961
Slovakia,2002,0,9.876972306166094,0.09460723761100276,19476.66392602174,-0.08846265077590898,0.199810549616814,1.6822585420321408,0.7185889376617309,10.840641910536503,0.04025910708159053
Slovakia,2003,0,9.903450876884659,0.15148845080870998,19999.266500421487,-0.06948348879814192,0.192106202244759,1.6819810608895929,0.7289500006454455,10.856481937128807,0.026478570718564853
Slovakia,2004,0,9.946555031801,0.03569605956618638,20880.16682778284,-0.119340360164642,0.230161115527153,1.681951671648248,0.7260545214550685,10.902452181994178,0.043104154916340676
Slovakia,2005,0,10.00211852076051,-0.008893722273951354,22073.178783620795,-0.11158376932144198,0.264838367700577,1.682073873138942,0.7413094937328023,10.94288290016665,0.055563488959510465
Slovakia,2006,0,10.10052580721224,0.049913264393925516,24355.812520016385,-0.127100169658661,0.262492805719376,1.6821019569115356,0.7612287030820933,11.02139906104168,0.0984072864517298
Slovakia,2007,0,10.234610467898767,0.15247203197949943,27850.618904708743,-0.10748738050460804,0.274362802505493,1.682130411850213,0.7809008366568763,11.135840043092104,0.13408466068652736
Slovakia,2008,0,10.308962207544441,0.0956603305904622,30000.286408371627,-0.14558213949203502,0.291055381298065,1.6825247920216282,0.8112992200864746,11.180187779479596,0.07435173964567454
Slovakia,2009,0,10.28754880857975,0.36797505254239304,29364.70754435455,-0.09280633926391602,0.215049356222153,1.6836308666910267,0.7904412229011919,11.180738452369585,-0.02141339896469141
Slovakia,2010,0,10.343778432773297,0.3440447059327436,31063.178720999524,-0.10884714126586892,0.246704876422882,1.6848887396970356,0.7741993563299293,11.254467816140401,0.05622962419354671
Slovakia,2011,0,10.38703811128758,0.32204166718950944,32436.451357317907,-0.10736948251724299,0.260706275701523,1.6860487070558934,0.7988273048474228,11.274259513496052,0.043259678514283806
Slovakia,2012,0,10.407505947643173,0.42686877737481765,33107.19626795903,-0.11031478643417403,0.227331310510635,1.687300584016346,0.7990806068907658,11.295725924768753,0.020467836355592794
Slovakia,2013,0,10.38468119317242,0.37281857998815227,32360.091320048607,-0.11558729410171498,0.241244167089462,1.6883270935131176,0.7910524492767597,11.281955837408779,-0.022824754470752495
Slovenia,1995,0,10.07838796506334,0.02145850948542183,23822.551786383447,-0.082800954580307,0.243771463632584,0.6871768938129552,-0.08810642598714953,10.853671284863445,
Slovenia,1996,0,10.11452696109854,0.08868523763331027,24699.220442819154,-0.08488640189170799,0.241145297884941,0.6865217809913788,-0.10936131739236067,10.910410059482281,0.03613899603520032
Slovenia,1997,0,10.142148702618188,0.10567756013354845,25390.96554723397,-0.075059473514557,0.258400082588196,0.6853155935829307,-0.12720054878250023,10.95466484498362,0.027621741519647358
Slovenia,1998,0,10.157269730726368,0.0802960005821749,25777.820502266593,-0.07456669211387595,0.273786962032318,0.6831291674163827,-0.128439902626792,10.968838800769543,0.015121028108179502
Slovenia,1999,0,10.190753415621526,-0.013679009251168495,26655.570059645852,-0.09924820065498302,0.303327143192291,0.6836996932597643,-0.11326801438751137,10.987721123268802,0.03348368489515785
Slovenia,2000,0,10.20735628088529,-0.01036477851316775,27101.823187200025,-0.09539026021957403,0.303756147623062,0.6865333573694271,-0.09749762912181978,10.991387267376535,0.016602865263763533
Slovenia,2001,0,10.231784058209882,0.07597746350251278,27772.01278447428,-0.08107215166091997,0.284731179475784,0.6879733191924398,-0.09163836890327107,11.011395746305594,0.024427777324593336
Slovenia,2002,0,10.259950306452756,0.1496331932626358,28565.36664253163,-0.06744310259819103,0.26782900094986,0.6889242766390596,-0.07855336837811727,11.027427951469933,0.028166248242873948
Slovenia,2003,0,10.270389393555984,0.07913311242535492,28865.12487201943,-0.08810615539550803,0.290921568870544,0.6893851128490616,-0.08236086409279109,11.042135370497837,0.010439087103227607
Slovenia,2004,0,10.333512516364681,-0.021678971893845045,30745.917997211,-0.12241798639297508,0.33456563949585,0.6899144609479292,-0.07683412229170919,11.100261099604321,0.06312312280869747
Slovenia,2005,0,10.352834822143533,-0.04018006300950461,31345.776689682178,-0.12553966045379694,0.350830137729645,0.6916029889094765,-0.0817738824130328,11.126211693466043,0.019322305778851856
Slovenia,2006,0,10.400226349076437,-0.08286612579242814,32867.064262193766,-0.15334939956665095,0.365665912628174,0.6947029696921632,-0.0665854832049132,11.161514801973514,0.047391526932903716
Slovenia,2007,0,10.466548323288725,-0.17881934305509084,35120.7823256666,-0.18937122821807795,0.396426051855087,0.7002012420633554,-0.03359949218586516,11.200349057537945,0.06632197421228803
Slovenia,2008,0,10.50793545718079,-0.1815387530309387,36604.82924173553,-0.20379012823104903,0.394545704126358,0.7056116749862057,-0.005022541076859281,11.218569673243856,0.04138713389206572
Slovenia,2009,0,10.432357279441947,0.18173008614970954,33940.262718804406,-0.11257135868072499,0.283631980419159,0.7107945457700134,-0.026057888513993575,11.169209713725955,-0.07557817773884423
Slovenia,2010,0,10.42966291122725,0.2029515902403496,33848.93823987143,-0.13466238975524902,0.275903314352036,0.7152080404422074,-0.04641357308116682,11.191284524750625,-0.0026943682146960413
Slovenia,2011,0,10.469320525918148,0.2825592849719083,35218.27932906222,-0.13997191190719604,0.267357051372528,0.717256208263631,-0.06325290482194293,11.249829639003721,0.03965761469089735
Slovenia,2012,0,10.451817209393031,0.36126719418485465,34607.206143121315,-0.12524056434631403,0.243109121918678,0.7194584823657731,-0.07214854264917578,11.24342423440798,-0.01750331652511683
Slovenia,2013,0,10.447563607661259,0.32239888112905213,34460.31350401008,-0.12007373571395796,0.265225529670715,0.7209768187557587,-0.08329588040261005,11.251836306819628,-0.00425360173177225
