dropped_1,dropped_2,att_post_avg,att_2004_2008,att_2009_2013,pre_rmse,post_rmse,rmspe_ratio
Poland,Hungary,-0.48474455337998423,-0.22793131452804688,-0.7415577922319215,0.09528716692162806,0.5768601555709492,6.053912338955423
Slovenia,Latvia,-0.4485560346183183,-0.35696853934981226,-0.5401435298868243,0.07305418475243439,0.4759466846410065,6.5149818077347925
Slovakia,Latvia,-0.44208754402784844,-0.27590060309045655,-0.6082744849652404,0.06558920280491974,0.4868808300684769,7.423185665430236
Poland,Lithuania,-0.44147002785087164,-0.23707816308313276,-0.6458618926186105,0.08001875282427251,0.5062027378179141,6.326051331112036
Poland,Cyprus,-0.436451147554893,-0.24603177832198247,-0.6268705167878036,0.07976023674099239,0.49267164340824043,6.176907987473841
Poland,Malta,-0.43072104328859756,-0.2700752390598925,-0.5913668475173026,0.07806572122598021,0.4742147178855361,6.074557570701311
Latvia,Lithuania,-0.4144218470150502,-0.25178544484206994,-0.5770582491880305,0.052951330177205914,0.46113771909604206,8.708708875731872
Czechia,Latvia,-0.41180694544460417,-0.2670286624614359,-0.5565852284277725,0.05034452996729878,0.45153714973236664,8.968941611445413
Slovenia,Poland,-0.4096598053828135,-0.31554751370616,-0.503772097059467,0.08312739385743405,0.4361006916950589,5.246173029831592
Czechia,Poland,-0.39630427793409095,-0.17672706416828135,-0.6158814916999006,0.07557565016937808,0.47045523587415017,6.224957837872103
Hungary,Latvia,-0.3892301527450913,-0.23645883710792362,-0.5420014683822589,0.04868752796811668,0.43077588278923956,8.847766579386322
Hungary,Lithuania,-0.3862583666072016,-0.26235886457743335,-0.5101578686369699,0.05279223670335371,0.4176318963983202,7.910858157896339
Latvia,Malta,-0.37852385860265086,-0.1800709245039048,-0.5769767927013969,0.04906064411924462,0.44431276988147694,9.056399031401831
Czechia,Lithuania,-0.36842156262110193,-0.24962331000356103,-0.4872198152386428,0.04855532688384912,0.40143899079360956,8.267661172458084
Slovakia,Lithuania,-0.360897132652288,-0.24298207879376968,-0.47881218651080637,0.05150512531066047,0.3933941098655276,7.637960445542365
Slovenia,Lithuania,-0.3558027128982385,-0.29618833064150074,-0.4154170951549762,0.06020421583879824,0.3766743289162763,6.256610499252294
Latvia,Cyprus,-0.3548015148128162,-0.13596236209429052,-0.5736406675313418,0.050220493189642064,0.43647182195448603,8.691109828537247
Lithuania,Malta,-0.35103723510778073,-0.16486952129197477,-0.5372049489235866,0.048942566822329545,0.41511240417582984,8.481623076345048
Lithuania,Cyprus,-0.34326640498965644,-0.13810598841150962,-0.5484268215678032,0.05211226043565922,0.4201292062974295,8.062003121437135
Malta,Cyprus,-0.33984163111178134,-0.18276538314595533,-0.4969178790776073,0.06216443480328894,0.3938053569753746,6.334898052584554
Poland,Latvia,-0.3263539408606418,-0.18850943204401,-0.4641984496772736,0.06469235236444926,0.36592407980186575,5.656373070813761
Poland,Slovakia,-0.32142583883932013,-0.3146763667715273,-0.32817531090711294,0.13312962982747642,0.32799407232072764,2.463719554736067
Czechia,Hungary,-0.3156083672080074,-0.22955969942977567,-0.4016570349862391,0.032286583765292406,0.3385859569424947,10.48689323726066
Czechia,Slovakia,-0.31401254172813287,-0.2590677805039959,-0.3689573029522698,0.038527542415433116,0.3330656954881995,8.644872592620446
Slovenia,Slovakia,-0.31365166766882685,-0.2993765896733951,-0.3279267456642586,0.054672168532769086,0.3322198117121082,6.076580106987785
Estonia,Latvia,-0.3106961061004485,-0.09057681670723597,-0.5308153954936611,0.06215112221500701,0.40435794549835186,6.506044156363046
Czechia,Cyprus,-0.308272282157802,-0.12777405120929936,-0.4887705131063047,0.0422319301773777,0.3743185585897389,8.863401625679176
Slovenia,Hungary,-0.3069290142091484,-0.29946322185555657,-0.3143948065627402,0.049367027364734126,0.3245046748366072,6.573307978199649
Czechia,Malta,-0.30572532393617513,-0.1437950593320707,-0.4676555885402795,0.03680382456092692,0.36085245773348057,9.804754316663669
Slovenia,Cyprus,-0.3019392443230801,-0.16796325348407706,-0.4359152351620832,0.06323397050879356,0.34821253358346793,5.506732074258157
Hungary,Cyprus,-0.29638819747759226,-0.09897877065844156,-0.493797624296743,0.037339796718273664,0.3708595484914307,9.932018411603627
Hungary,Slovakia,-0.2940067792660971,-0.21725546443877447,-0.37075809409341964,0.038896359614704314,0.31489963976969376,8.09586405743353
Czechia,Slovenia,-0.2930600552062305,-0.2705067551767364,-0.31561335523572465,0.07440327304367858,0.3123785637075616,4.198451908482295
Hungary,Malta,-0.29247126419185426,-0.12126140984105618,-0.46368111854265237,0.03346265207834816,0.35072925940800576,10.481215254153254
Estonia,Lithuania,-0.29195951573687484,-0.16994796764948567,-0.413971063824264,0.05127710048844621,0.3299415381232558,6.4344811812750295
Estonia,Slovenia,-0.29094524113444803,-0.25382996985310696,-0.32806051241578904,0.052632631945051966,0.3095310363681242,5.880972030645779
Slovenia,Malta,-0.28979443192506443,-0.15831954212219834,-0.4212693217279305,0.06212469751864939,0.335741813481742,5.404321097594957
Slovakia,Malta,-0.2685090228827992,-0.08477522583597477,-0.4522428199296236,0.043845462199112895,0.339802685523987,7.750008061971395
Estonia,Czechia,-0.25164228097883984,-0.16431229543925346,-0.3389722665184262,0.041296658916136327,0.27824347276523825,6.737675155035773
Estonia,Cyprus,-0.2501357497321207,-0.06278901590650854,-0.43748248355773284,0.047204312865744544,0.3299824494356398,6.99051483651832
Estonia,Slovakia,-0.24631451474053687,-0.1449319741455561,-0.34769705533551765,0.04171281403471179,0.2778958251654928,6.662121259290698
Slovakia,Cyprus,-0.23584161160307726,-0.021969696366756254,-0.44971352683939825,0.05474125410690423,0.3378554388609263,6.171861503229871
Estonia,Malta,-0.2352383089520554,-0.07090881990738929,-0.39956779799672154,0.042440961481797906,0.3010545458267387,7.093490234801939
Estonia,Poland,-0.20797672495433234,-0.0005779385683901239,-0.4153755113402745,0.05854261741977151,0.31865691772833216,5.44316143986949
Estonia,Hungary,-0.20124503711477787,-0.12675163833160283,-0.2757384358979529,0.03773709495659433,0.22354625220907093,5.923780101944693
